"filename", "language", "Markdown", "PHP", "XML", "JSON", "MS SQL", "Properties", "JavaScript", "HTML", "Docker", "CSS", "Ini", "YAML", "HTML (Twig)", "comment", "blank", "total"
"/home/ser/Projects/Docker/site2/LICENSE.md", "Markdown", 5, 0, 0, 0, 0, 0, 0, 0, 0, 0, 0, 0, 0, 0, 5, 10
"/home/ser/Projects/Docker/site2/app/bootstrap/actions.php", "PHP", 0, 396, 0, 0, 0, 0, 0, 0, 0, 0, 0, 0, 0, 36, 44, 476
"/home/ser/Projects/Docker/site2/app/bootstrap/application.php", "PHP", 0, 138, 0, 0, 0, 0, 0, 0, 0, 0, 0, 0, 0, 18, 27, 183
"/home/ser/Projects/Docker/site2/app/bootstrap/consts.php", "PHP", 0, 12, 0, 0, 0, 0, 0, 0, 0, 0, 0, 0, 0, 0, 8, 20
"/home/ser/Projects/Docker/site2/app/bootstrap/http/actionsList.php", "PHP", 0, 14, 0, 0, 0, 0, 0, 0, 0, 0, 0, 0, 0, 2, 6, 22
"/home/ser/Projects/Docker/site2/app/bootstrap/http/actionsList/get.php", "PHP", 0, 127, 0, 0, 0, 0, 0, 0, 0, 0, 0, 0, 0, 8, 19, 154
"/home/ser/Projects/Docker/site2/app/bootstrap/http/actionsList/post.php", "PHP", 0, 123, 0, 0, 0, 0, 0, 0, 0, 0, 0, 0, 0, 8, 16, 147
"/home/ser/Projects/Docker/site2/app/bootstrap/http/actionsList/request_middlewares.php", "PHP", 0, 50, 0, 0, 0, 0, 0, 0, 0, 0, 0, 0, 0, 4, 6, 60
"/home/ser/Projects/Docker/site2/app/bootstrap/http/router.php", "PHP", 0, 38, 0, 0, 0, 0, 0, 0, 0, 0, 0, 0, 0, 4, 9, 51
"/home/ser/Projects/Docker/site2/app/bootstrap/http/server.php", "PHP", 0, 28, 0, 0, 0, 0, 0, 0, 0, 0, 0, 0, 0, 0, 6, 34
"/home/ser/Projects/Docker/site2/app/bootstrap/http/views.php", "PHP", 0, 46, 0, 0, 0, 0, 0, 0, 0, 0, 0, 0, 0, 4, 10, 60
"/home/ser/Projects/Docker/site2/app/bootstrap/models.php", "PHP", 0, 12, 0, 0, 0, 0, 0, 0, 0, 0, 0, 0, 0, 1, 6, 19
"/home/ser/Projects/Docker/site2/app/bootstrap/services.php", "PHP", 0, 105, 0, 0, 0, 0, 0, 0, 0, 0, 0, 0, 0, 14, 19, 138
"/home/ser/Projects/Docker/site2/app/bootstrap/sql/models.php", "PHP", 0, 155, 0, 0, 0, 0, 0, 0, 0, 0, 0, 0, 0, 18, 24, 197
"/home/ser/Projects/Docker/site2/app/bootstrap_http_sql.php", "PHP", 0, 16, 0, 0, 0, 0, 0, 0, 0, 0, 0, 0, 0, 2, 7, 25
"/home/ser/Projects/Docker/site2/app/bootstrap_img.php", "PHP", 0, 12, 0, 0, 0, 0, 0, 0, 0, 0, 0, 0, 0, 0, 5, 17
"/home/ser/Projects/Docker/site2/app/code/Application/AdminUserCheck/AdminUserCheckService.php", "PHP", 0, 35, 0, 0, 0, 0, 0, 0, 0, 0, 0, 0, 0, 6, 8, 49
"/home/ser/Projects/Docker/site2/app/code/Application/AdminUserCheck/CheckPassword.php", "PHP", 0, 20, 0, 0, 0, 0, 0, 0, 0, 0, 0, 0, 0, 1, 6, 27
"/home/ser/Projects/Docker/site2/app/code/Application/AdminUserCheck/InvalidPasswordException.php", "PHP", 0, 7, 0, 0, 0, 0, 0, 0, 0, 0, 0, 0, 0, 0, 5, 12
"/home/ser/Projects/Docker/site2/app/code/Application/AdminUserRoles/AdminUserRolesService.php", "PHP", 0, 28, 0, 0, 0, 0, 0, 0, 0, 0, 0, 0, 0, 5, 7, 40
"/home/ser/Projects/Docker/site2/app/code/Application/AdminUserRoles/ListRoles.php", "PHP", 0, 10, 0, 0, 0, 0, 0, 0, 0, 0, 0, 0, 0, 0, 4, 14
"/home/ser/Projects/Docker/site2/app/code/Application/Article/AdminArticleListView/AdminArticleListViewService.php", "PHP", 0, 39, 0, 0, 0, 0, 0, 0, 0, 0, 0, 0, 0, 4, 9, 52
"/home/ser/Projects/Docker/site2/app/code/Application/Article/AdminArticleListView/Filter.php", "PHP", 0, 23, 0, 0, 0, 0, 0, 0, 0, 0, 0, 0, 0, 1, 6, 30
"/home/ser/Projects/Docker/site2/app/code/Application/Article/AdminArticleListView/FilterResult.php", "PHP", 0, 14, 0, 0, 0, 0, 0, 0, 0, 0, 0, 0, 0, 1, 5, 20
"/home/ser/Projects/Docker/site2/app/code/Application/Article/AdminArticleListView/RepositoryException.php", "PHP", 0, 7, 0, 0, 0, 0, 0, 0, 0, 0, 0, 0, 0, 0, 5, 12
"/home/ser/Projects/Docker/site2/app/code/Application/Article/AdminArticleListView/RepositoryInterface.php", "PHP", 0, 9, 0, 0, 0, 0, 0, 0, 0, 0, 0, 0, 0, 4, 6, 19
"/home/ser/Projects/Docker/site2/app/code/Application/Article/AdminArticleListView/SearchCriteria.php", "PHP", 0, 17, 0, 0, 0, 0, 0, 0, 0, 0, 0, 0, 0, 0, 5, 22
"/home/ser/Projects/Docker/site2/app/code/Application/Article/AdminArticleListView/VO/Limit.php", "PHP", 0, 42, 0, 0, 0, 0, 0, 0, 0, 0, 0, 0, 0, 0, 13, 55
"/home/ser/Projects/Docker/site2/app/code/Application/Article/AdminArticleListView/VO/Offset.php", "PHP", 0, 25, 0, 0, 0, 0, 0, 0, 0, 0, 0, 0, 0, 0, 8, 33
"/home/ser/Projects/Docker/site2/app/code/Application/Article/AdminArticleListView/VO/OrderByDirection.php", "PHP", 0, 30, 0, 0, 0, 0, 0, 0, 0, 0, 0, 0, 0, 0, 9, 39
"/home/ser/Projects/Docker/site2/app/code/Application/Article/AdminArticleListView/VO/OrderByField.php", "PHP", 0, 30, 0, 0, 0, 0, 0, 0, 0, 0, 0, 0, 0, 0, 9, 39
"/home/ser/Projects/Docker/site2/app/code/Application/Article/AdminArticleListView/VO/Page.php", "PHP", 0, 37, 0, 0, 0, 0, 0, 0, 0, 0, 0, 0, 0, 0, 9, 46
"/home/ser/Projects/Docker/site2/app/code/Application/Article/AdminArticleListView/View/ArticleDto.php", "PHP", 0, 22, 0, 0, 0, 0, 0, 0, 0, 0, 0, 0, 0, 0, 7, 29
"/home/ser/Projects/Docker/site2/app/code/Application/Article/ArticleListView/ArticleListViewService.php", "PHP", 0, 29, 0, 0, 0, 0, 0, 0, 0, 0, 0, 0, 0, 2, 8, 39
"/home/ser/Projects/Docker/site2/app/code/Application/Article/ArticleListView/Pagination.php", "PHP", 0, 29, 0, 0, 0, 0, 0, 0, 0, 0, 0, 0, 0, 0, 8, 37
"/home/ser/Projects/Docker/site2/app/code/Application/Article/ArticleListView/View/ArticleDTO.php", "PHP", 0, 16, 0, 0, 0, 0, 0, 0, 0, 0, 0, 0, 0, 1, 4, 21
"/home/ser/Projects/Docker/site2/app/code/Application/Article/ArticleListView/View/ArticleDTOFactory.php", "PHP", 0, 43, 0, 0, 0, 0, 0, 0, 0, 0, 0, 0, 0, 1, 10, 54
"/home/ser/Projects/Docker/site2/app/code/Application/Article/ArticleListView/View/ArticleListViewRepositoryInterface.php", "PHP", 0, 9, 0, 0, 0, 0, 0, 0, 0, 0, 0, 0, 0, 5, 6, 20
"/home/ser/Projects/Docker/site2/app/code/Application/Article/ArticleListView/View/ArticleViewProcessException.php", "PHP", 0, 7, 0, 0, 0, 0, 0, 0, 0, 0, 0, 0, 0, 0, 5, 12
"/home/ser/Projects/Docker/site2/app/code/Application/Article/ArticleListView/View/DateFormatterInterface.php", "PHP", 0, 8, 0, 0, 0, 0, 0, 0, 0, 0, 0, 0, 0, 3, 5, 16
"/home/ser/Projects/Docker/site2/app/code/Application/Article/ArticleListView/View/ImageDTO.php", "PHP", 0, 12, 0, 0, 0, 0, 0, 0, 0, 0, 0, 0, 0, 0, 4, 16
"/home/ser/Projects/Docker/site2/app/code/Application/Article/ArticleListView/View/ImageDTOFactory.php", "PHP", 0, 37, 0, 0, 0, 0, 0, 0, 0, 0, 0, 0, 0, 0, 8, 45
"/home/ser/Projects/Docker/site2/app/code/Application/Article/ArticleListView/View/ReadLengthFormatterInterface.php", "PHP", 0, 7, 0, 0, 0, 0, 0, 0, 0, 0, 0, 0, 0, 1, 4, 12
"/home/ser/Projects/Docker/site2/app/code/Application/Article/ArticleListView/View/SearchCriteriaFactoryInterface.php", "PHP", 0, 13, 0, 0, 0, 0, 0, 0, 0, 0, 0, 0, 0, 0, 4, 17
"/home/ser/Projects/Docker/site2/app/code/Application/Article/ArticleListView/View/SearchCriteriaInterface.php", "PHP", 0, 13, 0, 0, 0, 0, 0, 0, 0, 0, 0, 0, 0, 0, 8, 21
"/home/ser/Projects/Docker/site2/app/code/Application/Article/ArticleView/ArticleViewService.php", "PHP", 0, 30, 0, 0, 0, 0, 0, 0, 0, 0, 0, 0, 0, 16, 9, 55
"/home/ser/Projects/Docker/site2/app/code/Application/Article/ArticleView/Find.php", "PHP", 0, 19, 0, 0, 0, 0, 0, 0, 0, 0, 0, 0, 0, 0, 6, 25
"/home/ser/Projects/Docker/site2/app/code/Application/Article/ArticleView/NoSuchArticleException.php", "PHP", 0, 7, 0, 0, 0, 0, 0, 0, 0, 0, 0, 0, 0, 0, 5, 12
"/home/ser/Projects/Docker/site2/app/code/Application/Article/ArticleView/RepositoryException.php", "PHP", 0, 7, 0, 0, 0, 0, 0, 0, 0, 0, 0, 0, 0, 0, 5, 12
"/home/ser/Projects/Docker/site2/app/code/Application/Article/ArticleView/View/ArticleIdNameDTO.php", "PHP", 0, 11, 0, 0, 0, 0, 0, 0, 0, 0, 0, 0, 0, 0, 4, 15
"/home/ser/Projects/Docker/site2/app/code/Application/Article/ArticleView/View/ArticleViewDTO.php", "PHP", 0, 18, 0, 0, 0, 0, 0, 0, 0, 0, 0, 0, 0, 2, 4, 24
"/home/ser/Projects/Docker/site2/app/code/Application/Article/ArticleView/View/ArticleViewDTOFactory.php", "PHP", 0, 60, 0, 0, 0, 0, 0, 0, 0, 0, 0, 0, 0, 1, 13, 74
"/home/ser/Projects/Docker/site2/app/code/Application/Article/ArticleView/View/ArticleViewRepositoryInterface.php", "PHP", 0, 12, 0, 0, 0, 0, 0, 0, 0, 0, 0, 0, 0, 10, 7, 29
"/home/ser/Projects/Docker/site2/app/code/Application/Article/ArticleView/View/AudioDTO.php", "PHP", 0, 11, 0, 0, 0, 0, 0, 0, 0, 0, 0, 0, 0, 0, 4, 15
"/home/ser/Projects/Docker/site2/app/code/Application/Article/ArticleView/View/AudioDTOFactory.php", "PHP", 0, 35, 0, 0, 0, 0, 0, 0, 0, 0, 0, 0, 0, 0, 8, 43
"/home/ser/Projects/Docker/site2/app/code/Application/Article/ArticleView/View/AuthorDTO.php", "PHP", 0, 11, 0, 0, 0, 0, 0, 0, 0, 0, 0, 0, 0, 0, 4, 15
"/home/ser/Projects/Docker/site2/app/code/Application/Article/ArticleView/View/ImageDTO.php", "PHP", 0, 13, 0, 0, 0, 0, 0, 0, 0, 0, 0, 0, 0, 0, 4, 17
"/home/ser/Projects/Docker/site2/app/code/Application/Article/ArticleView/View/ImageDTOFactory.php", "PHP", 0, 39, 0, 0, 0, 0, 0, 0, 0, 0, 0, 0, 0, 0, 8, 47
"/home/ser/Projects/Docker/site2/app/code/Application/Author/AdminList/AdminAuthorList.php", "PHP", 0, 39, 0, 0, 0, 0, 0, 0, 0, 0, 0, 0, 0, 4, 9, 52
"/home/ser/Projects/Docker/site2/app/code/Application/Author/AdminList/Filter.php", "PHP", 0, 23, 0, 0, 0, 0, 0, 0, 0, 0, 0, 0, 0, 1, 6, 30
"/home/ser/Projects/Docker/site2/app/code/Application/Author/AdminList/FilterResult.php", "PHP", 0, 14, 0, 0, 0, 0, 0, 0, 0, 0, 0, 0, 0, 1, 5, 20
"/home/ser/Projects/Docker/site2/app/code/Application/Author/AdminList/RepositoryException.php", "PHP", 0, 7, 0, 0, 0, 0, 0, 0, 0, 0, 0, 0, 0, 0, 5, 12
"/home/ser/Projects/Docker/site2/app/code/Application/Author/AdminList/RepositoryInterface.php", "PHP", 0, 9, 0, 0, 0, 0, 0, 0, 0, 0, 0, 0, 0, 4, 6, 19
"/home/ser/Projects/Docker/site2/app/code/Application/Author/AdminList/SearchCriteria.php", "PHP", 0, 17, 0, 0, 0, 0, 0, 0, 0, 0, 0, 0, 0, 0, 5, 22
"/home/ser/Projects/Docker/site2/app/code/Application/Author/AdminList/VO/Limit.php", "PHP", 0, 42, 0, 0, 0, 0, 0, 0, 0, 0, 0, 0, 0, 0, 13, 55
"/home/ser/Projects/Docker/site2/app/code/Application/Author/AdminList/VO/Offset.php", "PHP", 0, 25, 0, 0, 0, 0, 0, 0, 0, 0, 0, 0, 0, 0, 8, 33
"/home/ser/Projects/Docker/site2/app/code/Application/Author/AdminList/VO/OrderByDirection.php", "PHP", 0, 30, 0, 0, 0, 0, 0, 0, 0, 0, 0, 0, 0, 0, 9, 39
"/home/ser/Projects/Docker/site2/app/code/Application/Author/AdminList/VO/OrderByField.php", "PHP", 0, 30, 0, 0, 0, 0, 0, 0, 0, 0, 0, 0, 0, 0, 9, 39
"/home/ser/Projects/Docker/site2/app/code/Application/Author/AdminList/VO/Page.php", "PHP", 0, 37, 0, 0, 0, 0, 0, 0, 0, 0, 0, 0, 0, 0, 9, 46
"/home/ser/Projects/Docker/site2/app/code/Application/Author/AdminList/View/AuthorDto.php", "PHP", 0, 18, 0, 0, 0, 0, 0, 0, 0, 0, 0, 0, 0, 0, 6, 24
"/home/ser/Projects/Docker/site2/app/code/Application/Author/AdminView/AdminViewService.php", "PHP", 0, 17, 0, 0, 0, 0, 0, 0, 0, 0, 0, 0, 0, 3, 6, 26
"/home/ser/Projects/Docker/site2/app/code/Application/Author/AdminView/RepositoryException.php", "PHP", 0, 7, 0, 0, 0, 0, 0, 0, 0, 0, 0, 0, 0, 0, 5, 12
"/home/ser/Projects/Docker/site2/app/code/Application/Author/AdminView/RepositoryInterface.php", "PHP", 0, 10, 0, 0, 0, 0, 0, 0, 0, 0, 0, 0, 0, 4, 5, 19
"/home/ser/Projects/Docker/site2/app/code/Application/Author/AdminView/View/AuthorDto.php", "PHP", 0, 24, 0, 0, 0, 0, 0, 0, 0, 0, 0, 0, 0, 6, 6, 36
"/home/ser/Projects/Docker/site2/app/code/Application/Author/AuthorService/AuthorService.php", "PHP", 0, 75, 0, 0, 0, 0, 0, 0, 0, 0, 0, 0, 0, 14, 14, 103
"/home/ser/Projects/Docker/site2/app/code/Application/Author/AuthorService/Delete.php", "PHP", 0, 20, 0, 0, 0, 0, 0, 0, 0, 0, 0, 0, 0, 1, 7, 28
"/home/ser/Projects/Docker/site2/app/code/Application/Author/AuthorService/Translate.php", "PHP", 0, 11, 0, 0, 0, 0, 0, 0, 0, 0, 0, 0, 0, 0, 4, 15
"/home/ser/Projects/Docker/site2/app/code/Application/Author/AuthorService/Update.php", "PHP", 0, 51, 0, 0, 0, 0, 0, 0, 0, 0, 0, 0, 0, 2, 8, 61
"/home/ser/Projects/Docker/site2/app/code/Application/Image/AdminImageListService/AdminImageListService.php", "PHP", 0, 39, 0, 0, 0, 0, 0, 0, 0, 0, 0, 0, 0, 4, 9, 52
"/home/ser/Projects/Docker/site2/app/code/Application/Image/AdminImageListService/Filter.php", "PHP", 0, 23, 0, 0, 0, 0, 0, 0, 0, 0, 0, 0, 0, 1, 6, 30
"/home/ser/Projects/Docker/site2/app/code/Application/Image/AdminImageListService/FilterResult.php", "PHP", 0, 14, 0, 0, 0, 0, 0, 0, 0, 0, 0, 0, 0, 1, 5, 20
"/home/ser/Projects/Docker/site2/app/code/Application/Image/AdminImageListService/RepositoryException.php", "PHP", 0, 7, 0, 0, 0, 0, 0, 0, 0, 0, 0, 0, 0, 0, 5, 12
"/home/ser/Projects/Docker/site2/app/code/Application/Image/AdminImageListService/RepositoryInterface.php", "PHP", 0, 9, 0, 0, 0, 0, 0, 0, 0, 0, 0, 0, 0, 4, 6, 19
"/home/ser/Projects/Docker/site2/app/code/Application/Image/AdminImageListService/SearchCriteria.php", "PHP", 0, 17, 0, 0, 0, 0, 0, 0, 0, 0, 0, 0, 0, 0, 5, 22
"/home/ser/Projects/Docker/site2/app/code/Application/Image/AdminImageListService/VO/Limit.php", "PHP", 0, 42, 0, 0, 0, 0, 0, 0, 0, 0, 0, 0, 0, 0, 13, 55
"/home/ser/Projects/Docker/site2/app/code/Application/Image/AdminImageListService/VO/Offset.php", "PHP", 0, 25, 0, 0, 0, 0, 0, 0, 0, 0, 0, 0, 0, 0, 8, 33
"/home/ser/Projects/Docker/site2/app/code/Application/Image/AdminImageListService/VO/OrderByDirection.php", "PHP", 0, 30, 0, 0, 0, 0, 0, 0, 0, 0, 0, 0, 0, 0, 9, 39
"/home/ser/Projects/Docker/site2/app/code/Application/Image/AdminImageListService/VO/OrderByField.php", "PHP", 0, 30, 0, 0, 0, 0, 0, 0, 0, 0, 0, 0, 0, 0, 9, 39
"/home/ser/Projects/Docker/site2/app/code/Application/Image/AdminImageListService/VO/Page.php", "PHP", 0, 37, 0, 0, 0, 0, 0, 0, 0, 0, 0, 0, 0, 0, 9, 46
"/home/ser/Projects/Docker/site2/app/code/Application/Image/AdminImageListService/View/ImageDto.php", "PHP", 0, 26, 0, 0, 0, 0, 0, 0, 0, 0, 0, 0, 0, 0, 6, 32
"/home/ser/Projects/Docker/site2/app/code/Application/Image/AdminView/AdminViewService.php", "PHP", 0, 41, 0, 0, 0, 0, 0, 0, 0, 0, 0, 0, 0, 4, 11, 56
"/home/ser/Projects/Docker/site2/app/code/Application/Image/AdminView/CouldNotFindException.php", "PHP", 0, 7, 0, 0, 0, 0, 0, 0, 0, 0, 0, 0, 0, 0, 5, 12
"/home/ser/Projects/Docker/site2/app/code/Application/Image/AdminView/CouldNotLoadImageMetadataException.php", "PHP", 0, 7, 0, 0, 0, 0, 0, 0, 0, 0, 0, 0, 0, 0, 5, 12
"/home/ser/Projects/Docker/site2/app/code/Application/Image/AdminView/ImageMetadataLoaderInterface.php", "PHP", 0, 9, 0, 0, 0, 0, 0, 0, 0, 0, 0, 0, 0, 1, 5, 15
"/home/ser/Projects/Docker/site2/app/code/Application/Image/AdminView/RepositoryException.php", "PHP", 0, 7, 0, 0, 0, 0, 0, 0, 0, 0, 0, 0, 0, 0, 5, 12
"/home/ser/Projects/Docker/site2/app/code/Application/Image/AdminView/RepositoryInterface.php", "PHP", 0, 10, 0, 0, 0, 0, 0, 0, 0, 0, 0, 0, 0, 4, 5, 19
"/home/ser/Projects/Docker/site2/app/code/Application/Image/AdminView/Result.php", "PHP", 0, 14, 0, 0, 0, 0, 0, 0, 0, 0, 0, 0, 0, 0, 5, 19
"/home/ser/Projects/Docker/site2/app/code/Application/Image/AdminView/View/ArticleDto.php", "PHP", 0, 12, 0, 0, 0, 0, 0, 0, 0, 0, 0, 0, 0, 0, 5, 17
"/home/ser/Projects/Docker/site2/app/code/Application/Image/AdminView/View/AuthorDto.php", "PHP", 0, 14, 0, 0, 0, 0, 0, 0, 0, 0, 0, 0, 0, 0, 5, 19
"/home/ser/Projects/Docker/site2/app/code/Application/Image/AdminView/View/Dto.php", "PHP", 0, 20, 0, 0, 0, 0, 0, 0, 0, 0, 0, 0, 0, 6, 5, 31
"/home/ser/Projects/Docker/site2/app/code/Application/Image/AdminView/View/MetadataDto.php", "PHP", 0, 34, 0, 0, 0, 0, 0, 0, 0, 0, 0, 0, 0, 2, 6, 42
"/home/ser/Projects/Docker/site2/app/code/Application/Image/AdminView/View/TranslateDto.php", "PHP", 0, 21, 0, 0, 0, 0, 0, 0, 0, 0, 0, 0, 0, 0, 7, 28
"/home/ser/Projects/Docker/site2/app/code/Application/Image/ImageService/CouldNotUpdateException.php", "PHP", 0, 7, 0, 0, 0, 0, 0, 0, 0, 0, 0, 0, 0, 0, 5, 12
"/home/ser/Projects/Docker/site2/app/code/Application/Image/ImageService/ImageService.php", "PHP", 0, 22, 0, 0, 0, 0, 0, 0, 0, 0, 0, 0, 0, 3, 7, 32
"/home/ser/Projects/Docker/site2/app/code/Application/Image/ImageService/Translate.php", "PHP", 0, 11, 0, 0, 0, 0, 0, 0, 0, 0, 0, 0, 0, 0, 4, 15
"/home/ser/Projects/Docker/site2/app/code/Application/Image/ImageService/Update.php", "PHP", 0, 60, 0, 0, 0, 0, 0, 0, 0, 0, 0, 0, 0, 2, 8, 70
"/home/ser/Projects/Docker/site2/app/code/Application/Image/ImgConverter/CouldNotCreateImageException.php", "PHP", 0, 7, 0, 0, 0, 0, 0, 0, 0, 0, 0, 0, 0, 0, 5, 12
"/home/ser/Projects/Docker/site2/app/code/Application/Image/ImgConverter/ImgConverterInterface.php", "PHP", 0, 16, 0, 0, 0, 0, 0, 0, 0, 0, 0, 0, 0, 1, 5, 22
"/home/ser/Projects/Docker/site2/app/code/Application/Image/ImgConverter/ImgConverterService.php", "PHP", 0, 48, 0, 0, 0, 0, 0, 0, 0, 0, 0, 0, 0, 4, 9, 61
"/home/ser/Projects/Docker/site2/app/code/Application/Image/ImgConverter/ImgData.php", "PHP", 0, 26, 0, 0, 0, 0, 0, 0, 0, 0, 0, 0, 0, 1, 6, 33
"/home/ser/Projects/Docker/site2/app/code/Application/Image/ImgConverter/RepositoryException.php", "PHP", 0, 7, 0, 0, 0, 0, 0, 0, 0, 0, 0, 0, 0, 0, 5, 12
"/home/ser/Projects/Docker/site2/app/code/Application/Image/ImgConverter/StubData.php", "PHP", 0, 25, 0, 0, 0, 0, 0, 0, 0, 0, 0, 0, 0, 3, 6, 34
"/home/ser/Projects/Docker/site2/app/code/Application/Image/ImgConverter/View/Height.php", "PHP", 0, 29, 0, 0, 0, 0, 0, 0, 0, 0, 0, 0, 0, 0, 11, 40
"/home/ser/Projects/Docker/site2/app/code/Application/Image/ImgConverter/View/ImgResult.php", "PHP", 0, 11, 0, 0, 0, 0, 0, 0, 0, 0, 0, 0, 0, 0, 4, 15
"/home/ser/Projects/Docker/site2/app/code/Application/Image/ImgConverter/View/ImgView.php", "PHP", 0, 21, 0, 0, 0, 0, 0, 0, 0, 0, 0, 0, 0, 0, 7, 28
"/home/ser/Projects/Docker/site2/app/code/Application/Image/ImgConverter/View/ImgViewRepositoryInterface.php", "PHP", 0, 10, 0, 0, 0, 0, 0, 0, 0, 0, 0, 0, 0, 4, 5, 19
"/home/ser/Projects/Docker/site2/app/code/Application/Image/ImgConverter/View/Width.php", "PHP", 0, 29, 0, 0, 0, 0, 0, 0, 0, 0, 0, 0, 0, 0, 11, 40
"/home/ser/Projects/Docker/site2/app/code/Application/ImageCache/Cache.php", "PHP", 0, 12, 0, 0, 0, 0, 0, 0, 0, 0, 0, 0, 0, 0, 4, 16
"/home/ser/Projects/Docker/site2/app/code/Application/ImageCache/ImageCacheService.php", "PHP", 0, 40, 0, 0, 0, 0, 0, 0, 0, 0, 0, 0, 0, 0, 11, 51
"/home/ser/Projects/Docker/site2/app/code/Application/ImageCacheView/Find.php", "PHP", 0, 14, 0, 0, 0, 0, 0, 0, 0, 0, 0, 0, 0, 0, 5, 19
"/home/ser/Projects/Docker/site2/app/code/Application/ImageCacheView/ImageCacheViewService.php", "PHP", 0, 19, 0, 0, 0, 0, 0, 0, 0, 0, 0, 0, 0, 5, 6, 30
"/home/ser/Projects/Docker/site2/app/code/Application/ImageCacheView/NoSuchImageCacheException.php", "PHP", 0, 7, 0, 0, 0, 0, 0, 0, 0, 0, 0, 0, 0, 0, 5, 12
"/home/ser/Projects/Docker/site2/app/code/Application/ImageCacheView/RepositoryException.php", "PHP", 0, 7, 0, 0, 0, 0, 0, 0, 0, 0, 0, 0, 0, 0, 5, 12
"/home/ser/Projects/Docker/site2/app/code/Application/ImageCacheView/View/ImageCacheViewDTO.php", "PHP", 0, 21, 0, 0, 0, 0, 0, 0, 0, 0, 0, 0, 0, 0, 7, 28
"/home/ser/Projects/Docker/site2/app/code/Application/ImageCacheView/View/ImageCacheViewRepositoryInterface.php", "PHP", 0, 10, 0, 0, 0, 0, 0, 0, 0, 0, 0, 0, 0, 4, 5, 19
"/home/ser/Projects/Docker/site2/app/code/Application/Language/ListView/ListViewService.php", "PHP", 0, 15, 0, 0, 0, 0, 0, 0, 0, 0, 0, 0, 0, 3, 6, 24
"/home/ser/Projects/Docker/site2/app/code/Application/Language/ListView/RepositoryException.php", "PHP", 0, 7, 0, 0, 0, 0, 0, 0, 0, 0, 0, 0, 0, 0, 5, 12
"/home/ser/Projects/Docker/site2/app/code/Application/Language/ListView/RepositoryInterface.php", "PHP", 0, 8, 0, 0, 0, 0, 0, 0, 0, 0, 0, 0, 0, 1, 5, 14
"/home/ser/Projects/Docker/site2/app/code/Application/Language/ListView/View/LanguageDto.php", "PHP", 0, 12, 0, 0, 0, 0, 0, 0, 0, 0, 0, 0, 0, 0, 5, 17
"/home/ser/Projects/Docker/site2/app/code/Application/Translate/ListView/Filter.php", "PHP", 0, 23, 0, 0, 0, 0, 0, 0, 0, 0, 0, 0, 0, 1, 6, 30
"/home/ser/Projects/Docker/site2/app/code/Application/Translate/ListView/FilterResult.php", "PHP", 0, 14, 0, 0, 0, 0, 0, 0, 0, 0, 0, 0, 0, 1, 5, 20
"/home/ser/Projects/Docker/site2/app/code/Application/Translate/ListView/ListViewService.php", "PHP", 0, 38, 0, 0, 0, 0, 0, 0, 0, 0, 0, 0, 0, 0, 9, 47
"/home/ser/Projects/Docker/site2/app/code/Application/Translate/ListView/RepositoryException.php", "PHP", 0, 7, 0, 0, 0, 0, 0, 0, 0, 0, 0, 0, 0, 0, 5, 12
"/home/ser/Projects/Docker/site2/app/code/Application/Translate/ListView/RepositoryInterface.php", "PHP", 0, 9, 0, 0, 0, 0, 0, 0, 0, 0, 0, 0, 0, 4, 6, 19
"/home/ser/Projects/Docker/site2/app/code/Application/Translate/ListView/SearchCriteria.php", "PHP", 0, 17, 0, 0, 0, 0, 0, 0, 0, 0, 0, 0, 0, 0, 5, 22
"/home/ser/Projects/Docker/site2/app/code/Application/Translate/ListView/VO/Limit.php", "PHP", 0, 42, 0, 0, 0, 0, 0, 0, 0, 0, 0, 0, 0, 0, 13, 55
"/home/ser/Projects/Docker/site2/app/code/Application/Translate/ListView/VO/Offset.php", "PHP", 0, 25, 0, 0, 0, 0, 0, 0, 0, 0, 0, 0, 0, 0, 8, 33
"/home/ser/Projects/Docker/site2/app/code/Application/Translate/ListView/VO/OrderByDirection.php", "PHP", 0, 30, 0, 0, 0, 0, 0, 0, 0, 0, 0, 0, 0, 0, 9, 39
"/home/ser/Projects/Docker/site2/app/code/Application/Translate/ListView/VO/OrderByField.php", "PHP", 0, 30, 0, 0, 0, 0, 0, 0, 0, 0, 0, 0, 0, 0, 9, 39
"/home/ser/Projects/Docker/site2/app/code/Application/Translate/ListView/VO/Page.php", "PHP", 0, 37, 0, 0, 0, 0, 0, 0, 0, 0, 0, 0, 0, 0, 9, 46
"/home/ser/Projects/Docker/site2/app/code/Application/Translate/ListView/View/TranslateDto.php", "PHP", 0, 11, 0, 0, 0, 0, 0, 0, 0, 0, 0, 0, 0, 0, 5, 16
"/home/ser/Projects/Docker/site2/app/code/Application/Translate/TranslateService/Delete.php", "PHP", 0, 17, 0, 0, 0, 0, 0, 0, 0, 0, 0, 0, 0, 1, 6, 24
"/home/ser/Projects/Docker/site2/app/code/Application/Translate/TranslateService/Phrase.php", "PHP", 0, 11, 0, 0, 0, 0, 0, 0, 0, 0, 0, 0, 0, 0, 4, 15
"/home/ser/Projects/Docker/site2/app/code/Application/Translate/TranslateService/TranslateService.php", "PHP", 0, 68, 0, 0, 0, 0, 0, 0, 0, 0, 0, 0, 0, 10, 12, 90
"/home/ser/Projects/Docker/site2/app/code/Application/Translate/TranslateService/Update.php", "PHP", 0, 37, 0, 0, 0, 0, 0, 0, 0, 0, 0, 0, 0, 2, 8, 47
"/home/ser/Projects/Docker/site2/app/code/Application/Translate/View/RepositoryException.php", "PHP", 0, 7, 0, 0, 0, 0, 0, 0, 0, 0, 0, 0, 0, 0, 5, 12
"/home/ser/Projects/Docker/site2/app/code/Application/Translate/View/RepositoryInterface.php", "PHP", 0, 10, 0, 0, 0, 0, 0, 0, 0, 0, 0, 0, 0, 4, 5, 19
"/home/ser/Projects/Docker/site2/app/code/Application/Translate/View/View/PhraseDto.php", "PHP", 0, 21, 0, 0, 0, 0, 0, 0, 0, 0, 0, 0, 0, 0, 7, 28
"/home/ser/Projects/Docker/site2/app/code/Application/Translate/View/View/TranslateDto.php", "PHP", 0, 12, 0, 0, 0, 0, 0, 0, 0, 0, 0, 0, 0, 1, 5, 18
"/home/ser/Projects/Docker/site2/app/code/Application/Translate/View/ViewService.php", "PHP", 0, 17, 0, 0, 0, 0, 0, 0, 0, 0, 0, 0, 0, 4, 6, 27
"/home/ser/Projects/Docker/site2/app/code/Application/User/UserCheck/CheckPassword.php", "PHP", 0, 20, 0, 0, 0, 0, 0, 0, 0, 0, 0, 0, 0, 1, 6, 27
"/home/ser/Projects/Docker/site2/app/code/Application/User/UserCheck/InvalidPasswordException.php", "PHP", 0, 7, 0, 0, 0, 0, 0, 0, 0, 0, 0, 0, 0, 0, 5, 12
"/home/ser/Projects/Docker/site2/app/code/Application/User/UserCheck/UserCheckService.php", "PHP", 0, 25, 0, 0, 0, 0, 0, 0, 0, 0, 0, 0, 0, 6, 9, 40
"/home/ser/Projects/Docker/site2/app/code/Domain/AdminRole/VO/Description.php", "PHP", 0, 18, 0, 0, 0, 0, 0, 0, 0, 0, 0, 0, 0, 0, 6, 24
"/home/ser/Projects/Docker/site2/app/code/Domain/AdminRole/VO/Identifier.php", "PHP", 0, 18, 0, 0, 0, 0, 0, 0, 0, 0, 0, 0, 0, 1, 6, 25
"/home/ser/Projects/Docker/site2/app/code/Domain/AdminRole/VO/Name.php", "PHP", 0, 18, 0, 0, 0, 0, 0, 0, 0, 0, 0, 0, 0, 0, 6, 24
"/home/ser/Projects/Docker/site2/app/code/Domain/AdminUser/AdminUser.php", "PHP", 0, 43, 0, 0, 0, 0, 0, 0, 0, 0, 0, 0, 0, 0, 11, 54
"/home/ser/Projects/Docker/site2/app/code/Domain/AdminUser/AdminUserInterface.php", "PHP", 0, 15, 0, 0, 0, 0, 0, 0, 0, 0, 0, 0, 0, 0, 9, 24
"/home/ser/Projects/Docker/site2/app/code/Domain/AdminUser/AdminUserNotActiveException.php", "PHP", 0, 7, 0, 0, 0, 0, 0, 0, 0, 0, 0, 0, 0, 0, 5, 12
"/home/ser/Projects/Docker/site2/app/code/Domain/AdminUser/AdminUserRepositoryInterface.php", "PHP", 0, 8, 0, 0, 0, 0, 0, 0, 0, 0, 0, 0, 0, 1, 5, 14
"/home/ser/Projects/Docker/site2/app/code/Domain/AdminUser/NoSuchAdminUserException.php", "PHP", 0, 7, 0, 0, 0, 0, 0, 0, 0, 0, 0, 0, 0, 0, 5, 12
"/home/ser/Projects/Docker/site2/app/code/Domain/AdminUser/VO/Active.php", "PHP", 0, 15, 0, 0, 0, 0, 0, 0, 0, 0, 0, 0, 0, 0, 6, 21
"/home/ser/Projects/Docker/site2/app/code/Domain/AdminUser/VO/Email.php", "PHP", 0, 29, 0, 0, 0, 0, 0, 0, 0, 0, 0, 0, 0, 1, 9, 39
"/home/ser/Projects/Docker/site2/app/code/Domain/AdminUser/VO/Identifier.php", "PHP", 0, 18, 0, 0, 0, 0, 0, 0, 0, 0, 0, 0, 0, 1, 6, 25
"/home/ser/Projects/Docker/site2/app/code/Domain/AdminUser/VO/Password.php", "PHP", 0, 29, 0, 0, 0, 0, 0, 0, 0, 0, 0, 0, 0, 1, 9, 39
"/home/ser/Projects/Docker/site2/app/code/Domain/AdminUser/VO/PasswordHash.php", "PHP", 0, 18, 0, 0, 0, 0, 0, 0, 0, 0, 0, 0, 0, 0, 6, 24
"/home/ser/Projects/Docker/site2/app/code/Domain/AdminUser/VO/Role.php", "PHP", 0, 27, 0, 0, 0, 0, 0, 0, 0, 0, 0, 0, 0, 0, 8, 35
"/home/ser/Projects/Docker/site2/app/code/Domain/AdminUser/VO/Roles.php", "PHP", 0, 28, 0, 0, 0, 0, 0, 0, 0, 0, 0, 0, 0, 2, 8, 38
"/home/ser/Projects/Docker/site2/app/code/Domain/AdminUser/VO/Username.php", "PHP", 0, 29, 0, 0, 0, 0, 0, 0, 0, 0, 0, 0, 0, 1, 9, 39
"/home/ser/Projects/Docker/site2/app/code/Domain/Article/Article.php", "PHP", 0, 66, 0, 0, 0, 0, 0, 0, 0, 0, 0, 0, 0, 7, 16, 89
"/home/ser/Projects/Docker/site2/app/code/Domain/Article/ArticleCategory.php", "PHP", 0, 37, 0, 0, 0, 0, 0, 0, 0, 0, 0, 0, 0, 2, 10, 49
"/home/ser/Projects/Docker/site2/app/code/Domain/Article/ArticleFilterFactoryInterface.php", "PHP", 0, 8, 0, 0, 0, 0, 0, 0, 0, 0, 0, 0, 0, 0, 5, 13
"/home/ser/Projects/Docker/site2/app/code/Domain/Article/ArticleRepositoryInterface.php", "PHP", 0, 11, 0, 0, 0, 0, 0, 0, 0, 0, 0, 0, 0, 13, 6, 30
"/home/ser/Projects/Docker/site2/app/code/Domain/Article/ArticleTranslates.php", "PHP", 0, 109, 0, 0, 0, 0, 0, 0, 0, 0, 0, 0, 0, 10, 27, 146
"/home/ser/Projects/Docker/site2/app/code/Domain/Article/VO/ArticleId.php", "PHP", 0, 23, 0, 0, 0, 0, 0, 0, 0, 0, 0, 0, 0, 1, 8, 32
"/home/ser/Projects/Docker/site2/app/code/Domain/Author/Author.php", "PHP", 0, 171, 0, 0, 0, 0, 0, 0, 0, 0, 0, 0, 0, 32, 30, 233
"/home/ser/Projects/Docker/site2/app/code/Domain/Author/CouldDeleteException.php", "PHP", 0, 7, 0, 0, 0, 0, 0, 0, 0, 0, 0, 0, 0, 0, 5, 12
"/home/ser/Projects/Docker/site2/app/code/Domain/Author/CouldNotChangeActivityException.php", "PHP", 0, 7, 0, 0, 0, 0, 0, 0, 0, 0, 0, 0, 0, 0, 5, 12
"/home/ser/Projects/Docker/site2/app/code/Domain/Author/CouldNotRemoveTranslateException.php", "PHP", 0, 7, 0, 0, 0, 0, 0, 0, 0, 0, 0, 0, 0, 0, 5, 12
"/home/ser/Projects/Docker/site2/app/code/Domain/Author/CouldNotSaveException.php", "PHP", 0, 7, 0, 0, 0, 0, 0, 0, 0, 0, 0, 0, 0, 0, 5, 12
"/home/ser/Projects/Docker/site2/app/code/Domain/Author/Entities/Translate.php", "PHP", 0, 21, 0, 0, 0, 0, 0, 0, 0, 0, 0, 0, 0, 0, 7, 28
"/home/ser/Projects/Docker/site2/app/code/Domain/Author/NoSuchAuthorException.php", "PHP", 0, 7, 0, 0, 0, 0, 0, 0, 0, 0, 0, 0, 0, 0, 5, 12
"/home/ser/Projects/Docker/site2/app/code/Domain/Author/RepositoryException.php", "PHP", 0, 7, 0, 0, 0, 0, 0, 0, 0, 0, 0, 0, 0, 0, 5, 12
"/home/ser/Projects/Docker/site2/app/code/Domain/Author/RepositoryInterface.php", "PHP", 0, 10, 0, 0, 0, 0, 0, 0, 0, 0, 0, 0, 0, 6, 7, 23
"/home/ser/Projects/Docker/site2/app/code/Domain/Author/VO/AuthorId.php", "PHP", 0, 23, 0, 0, 0, 0, 0, 0, 0, 0, 0, 0, 0, 0, 8, 31
"/home/ser/Projects/Docker/site2/app/code/Domain/Author/VO/Description.php", "PHP", 0, 22, 0, 0, 0, 0, 0, 0, 0, 0, 0, 0, 0, 0, 7, 29
"/home/ser/Projects/Docker/site2/app/code/Domain/Author/VO/Name.php", "PHP", 0, 22, 0, 0, 0, 0, 0, 0, 0, 0, 0, 0, 0, 0, 7, 29
"/home/ser/Projects/Docker/site2/app/code/Domain/Image/CouldNotChangeActivityException.php", "PHP", 0, 7, 0, 0, 0, 0, 0, 0, 0, 0, 0, 0, 0, 0, 5, 12
"/home/ser/Projects/Docker/site2/app/code/Domain/Image/Entities/Article.php", "PHP", 0, 12, 0, 0, 0, 0, 0, 0, 0, 0, 0, 0, 0, 0, 5, 17
"/home/ser/Projects/Docker/site2/app/code/Domain/Image/Entities/Author.php", "PHP", 0, 12, 0, 0, 0, 0, 0, 0, 0, 0, 0, 0, 0, 0, 5, 17
"/home/ser/Projects/Docker/site2/app/code/Domain/Image/Entities/Content.php", "PHP", 0, 21, 0, 0, 0, 0, 0, 0, 0, 0, 0, 0, 0, 0, 7, 28
"/home/ser/Projects/Docker/site2/app/code/Domain/Image/Entities/Translate.php", "PHP", 0, 21, 0, 0, 0, 0, 0, 0, 0, 0, 0, 0, 0, 0, 7, 28
"/home/ser/Projects/Docker/site2/app/code/Domain/Image/Image.php", "PHP", 0, 239, 0, 0, 0, 0, 0, 0, 0, 0, 0, 0, 0, 30, 40, 309
"/home/ser/Projects/Docker/site2/app/code/Domain/Image/ImageRepositoryInterface.php", "PHP", 0, 8, 0, 0, 0, 0, 0, 0, 0, 0, 0, 0, 0, 4, 5, 17
"/home/ser/Projects/Docker/site2/app/code/Domain/Image/NoSuchImageException.php", "PHP", 0, 7, 0, 0, 0, 0, 0, 0, 0, 0, 0, 0, 0, 0, 5, 12
"/home/ser/Projects/Docker/site2/app/code/Domain/Image/RepositoryException.php", "PHP", 0, 7, 0, 0, 0, 0, 0, 0, 0, 0, 0, 0, 0, 0, 5, 12
"/home/ser/Projects/Docker/site2/app/code/Domain/Image/VO/Description.php", "PHP", 0, 23, 0, 0, 0, 0, 0, 0, 0, 0, 0, 0, 0, 0, 8, 31
"/home/ser/Projects/Docker/site2/app/code/Domain/Image/VO/Id.php", "PHP", 0, 36, 0, 0, 0, 0, 0, 0, 0, 0, 0, 0, 0, 0, 10, 46
"/home/ser/Projects/Docker/site2/app/code/Domain/Image/VO/Name.php", "PHP", 0, 23, 0, 0, 0, 0, 0, 0, 0, 0, 0, 0, 0, 0, 8, 31
"/home/ser/Projects/Docker/site2/app/code/Domain/Image/VO/Path.php", "PHP", 0, 23, 0, 0, 0, 0, 0, 0, 0, 0, 0, 0, 0, 0, 8, 31
"/home/ser/Projects/Docker/site2/app/code/Domain/Image/VO/Type.php", "PHP", 0, 24, 0, 0, 0, 0, 0, 0, 0, 0, 0, 0, 0, 1, 9, 34
"/home/ser/Projects/Docker/site2/app/code/Domain/ImageCache/ImageCache.php", "PHP", 0, 35, 0, 0, 0, 0, 0, 0, 0, 0, 0, 0, 0, 0, 10, 45
"/home/ser/Projects/Docker/site2/app/code/Domain/ImageCache/ImageCacheRepositoryInterface.php", "PHP", 0, 12, 0, 0, 0, 0, 0, 0, 0, 0, 0, 0, 0, 5, 9, 26
"/home/ser/Projects/Docker/site2/app/code/Domain/ImageCache/VO/CreatedAt.php", "PHP", 0, 36, 0, 0, 0, 0, 0, 0, 0, 0, 0, 0, 0, 0, 10, 46
"/home/ser/Projects/Docker/site2/app/code/Domain/ImageCache/VO/Data.php", "PHP", 0, 19, 0, 0, 0, 0, 0, 0, 0, 0, 0, 0, 0, 0, 7, 26
"/home/ser/Projects/Docker/site2/app/code/Domain/ImageCache/VO/Key.php", "PHP", 0, 19, 0, 0, 0, 0, 0, 0, 0, 0, 0, 0, 0, 0, 7, 26
"/home/ser/Projects/Docker/site2/app/code/Domain/ImageCache/VO/Type.php", "PHP", 0, 23, 0, 0, 0, 0, 0, 0, 0, 0, 0, 0, 0, 0, 8, 31
"/home/ser/Projects/Docker/site2/app/code/Domain/Language/Language.php", "PHP", 0, 6, 0, 0, 0, 0, 0, 0, 0, 0, 0, 0, 0, 0, 4, 10
"/home/ser/Projects/Docker/site2/app/code/Domain/Language/VO/Identifier.php", "PHP", 0, 23, 0, 0, 0, 0, 0, 0, 0, 0, 0, 0, 0, 0, 8, 31
"/home/ser/Projects/Docker/site2/app/code/Domain/Translate/CouldNotDeleteException.php", "PHP", 0, 7, 0, 0, 0, 0, 0, 0, 0, 0, 0, 0, 0, 0, 5, 12
"/home/ser/Projects/Docker/site2/app/code/Domain/Translate/CouldNotSaveException.php", "PHP", 0, 7, 0, 0, 0, 0, 0, 0, 0, 0, 0, 0, 0, 0, 5, 12
"/home/ser/Projects/Docker/site2/app/code/Domain/Translate/Entities/Phrase.php", "PHP", 0, 21, 0, 0, 0, 0, 0, 0, 0, 0, 0, 0, 0, 0, 7, 28
"/home/ser/Projects/Docker/site2/app/code/Domain/Translate/NoSuchTranslateException.php", "PHP", 0, 7, 0, 0, 0, 0, 0, 0, 0, 0, 0, 0, 0, 0, 5, 12
"/home/ser/Projects/Docker/site2/app/code/Domain/Translate/RepositoryException.php", "PHP", 0, 7, 0, 0, 0, 0, 0, 0, 0, 0, 0, 0, 0, 0, 5, 12
"/home/ser/Projects/Docker/site2/app/code/Domain/Translate/RepositoryInterface.php", "PHP", 0, 12, 0, 0, 0, 0, 0, 0, 0, 0, 0, 0, 0, 7, 8, 27
"/home/ser/Projects/Docker/site2/app/code/Domain/Translate/Translate.php", "PHP", 0, 35, 0, 0, 0, 0, 0, 0, 0, 0, 0, 0, 0, 3, 10, 48
"/home/ser/Projects/Docker/site2/app/code/Domain/Translate/VO/Identifier.php", "PHP", 0, 26, 0, 0, 0, 0, 0, 0, 0, 0, 0, 0, 0, 0, 9, 35
"/home/ser/Projects/Docker/site2/app/code/Domain/Translate/VO/Phrase.php", "PHP", 0, 22, 0, 0, 0, 0, 0, 0, 0, 0, 0, 0, 0, 0, 7, 29
"/home/ser/Projects/Docker/site2/app/code/Domain/User/NoSuchUserException.php", "PHP", 0, 7, 0, 0, 0, 0, 0, 0, 0, 0, 0, 0, 0, 0, 5, 12
"/home/ser/Projects/Docker/site2/app/code/Domain/User/VO/Email.php", "PHP", 0, 29, 0, 0, 0, 0, 0, 0, 0, 0, 0, 0, 0, 1, 9, 39
"/home/ser/Projects/Docker/site2/app/code/Domain/User/VO/Password.php", "PHP", 0, 29, 0, 0, 0, 0, 0, 0, 0, 0, 0, 0, 0, 1, 9, 39
"/home/ser/Projects/Docker/site2/app/code/Infrastructure/Controllers/Actions/GET/Admin/Article/DefaultAction.php", "PHP", 0, 78, 0, 0, 0, 0, 0, 0, 0, 0, 0, 0, 0, 0, 13, 91
"/home/ser/Projects/Docker/site2/app/code/Infrastructure/Controllers/Actions/GET/Admin/Article/DefaultAction/PaginationForm.php", "PHP", 0, 60, 0, 0, 0, 0, 0, 0, 0, 0, 0, 0, 0, 3, 11, 74
"/home/ser/Projects/Docker/site2/app/code/Infrastructure/Controllers/Actions/GET/Admin/Article/DefaultAction/ViewDto.php", "PHP", 0, 17, 0, 0, 0, 0, 0, 0, 0, 0, 0, 0, 0, 1, 5, 23
"/home/ser/Projects/Docker/site2/app/code/Infrastructure/Controllers/Actions/GET/Admin/Author/DefaultAction.php", "PHP", 0, 88, 0, 0, 0, 0, 0, 0, 0, 0, 0, 0, 0, 0, 16, 104
"/home/ser/Projects/Docker/site2/app/code/Infrastructure/Controllers/Actions/GET/Admin/Author/DefaultAction/PaginationForm.php", "PHP", 0, 60, 0, 0, 0, 0, 0, 0, 0, 0, 0, 0, 0, 3, 11, 74
"/home/ser/Projects/Docker/site2/app/code/Infrastructure/Controllers/Actions/GET/Admin/Author/DefaultAction/ViewDto.php", "PHP", 0, 20, 0, 0, 0, 0, 0, 0, 0, 0, 0, 0, 0, 1, 5, 26
"/home/ser/Projects/Docker/site2/app/code/Infrastructure/Controllers/Actions/GET/Admin/Author/DynamicAction.php", "PHP", 0, 83, 0, 0, 0, 0, 0, 0, 0, 0, 0, 0, 0, 0, 15, 98
"/home/ser/Projects/Docker/site2/app/code/Infrastructure/Controllers/Actions/GET/Admin/Author/DynamicAction/ViewDto.php", "PHP", 0, 27, 0, 0, 0, 0, 0, 0, 0, 0, 0, 0, 0, 3, 5, 35
"/home/ser/Projects/Docker/site2/app/code/Infrastructure/Controllers/Actions/GET/Admin/Author/New/DefaultAction.php", "PHP", 0, 58, 0, 0, 0, 0, 0, 0, 0, 0, 0, 0, 0, 0, 11, 69
"/home/ser/Projects/Docker/site2/app/code/Infrastructure/Controllers/Actions/GET/Admin/Author/New/DefaultAction/ViewDto.php", "PHP", 0, 25, 0, 0, 0, 0, 0, 0, 0, 0, 0, 0, 0, 3, 5, 33
"/home/ser/Projects/Docker/site2/app/code/Infrastructure/Controllers/Actions/GET/Admin/DefaultAction.php", "PHP", 0, 31, 0, 0, 0, 0, 0, 0, 0, 0, 0, 0, 0, 0, 7, 38
"/home/ser/Projects/Docker/site2/app/code/Infrastructure/Controllers/Actions/GET/Admin/DefaultAction/ViewDTO.php", "PHP", 0, 13, 0, 0, 0, 0, 0, 0, 0, 0, 0, 0, 0, 0, 5, 18
"/home/ser/Projects/Docker/site2/app/code/Infrastructure/Controllers/Actions/GET/Admin/Image/DefaultAction.php", "PHP", 0, 78, 0, 0, 0, 0, 0, 0, 0, 0, 0, 0, 0, 0, 15, 93
"/home/ser/Projects/Docker/site2/app/code/Infrastructure/Controllers/Actions/GET/Admin/Image/DefaultAction/PaginationForm.php", "PHP", 0, 60, 0, 0, 0, 0, 0, 0, 0, 0, 0, 0, 0, 3, 11, 74
"/home/ser/Projects/Docker/site2/app/code/Infrastructure/Controllers/Actions/GET/Admin/Image/DefaultAction/ViewDto.php", "PHP", 0, 17, 0, 0, 0, 0, 0, 0, 0, 0, 0, 0, 0, 1, 5, 23
"/home/ser/Projects/Docker/site2/app/code/Infrastructure/Controllers/Actions/GET/Admin/Image/DynamicAction.php", "PHP", 0, 103, 0, 0, 0, 0, 0, 0, 0, 0, 0, 0, 0, 0, 16, 119
"/home/ser/Projects/Docker/site2/app/code/Infrastructure/Controllers/Actions/GET/Admin/Image/DynamicAction/ViewDto.php", "PHP", 0, 33, 0, 0, 0, 0, 0, 0, 0, 0, 0, 0, 0, 4, 5, 42
"/home/ser/Projects/Docker/site2/app/code/Infrastructure/Controllers/Actions/GET/Admin/Imagecache/DefaultAction.php", "PHP", 0, 50, 0, 0, 0, 0, 0, 0, 0, 0, 0, 0, 0, 0, 10, 60
"/home/ser/Projects/Docker/site2/app/code/Infrastructure/Controllers/Actions/GET/Admin/Imagecache/DefaultAction/ViewDto.php", "PHP", 0, 17, 0, 0, 0, 0, 0, 0, 0, 0, 0, 0, 0, 0, 5, 22
"/home/ser/Projects/Docker/site2/app/code/Infrastructure/Controllers/Actions/GET/Admin/Language/DefaultAction.php", "PHP", 0, 41, 0, 0, 0, 0, 0, 0, 0, 0, 0, 0, 0, 0, 9, 50
"/home/ser/Projects/Docker/site2/app/code/Infrastructure/Controllers/Actions/GET/Admin/Language/View/ViewDto.php", "PHP", 0, 15, 0, 0, 0, 0, 0, 0, 0, 0, 0, 0, 0, 1, 5, 21
"/home/ser/Projects/Docker/site2/app/code/Infrastructure/Controllers/Actions/GET/Admin/Translate/DefaultAction.php", "PHP", 0, 88, 0, 0, 0, 0, 0, 0, 0, 0, 0, 0, 0, 0, 16, 104
"/home/ser/Projects/Docker/site2/app/code/Infrastructure/Controllers/Actions/GET/Admin/Translate/DefaultAction/PaginationForm.php", "PHP", 0, 60, 0, 0, 0, 0, 0, 0, 0, 0, 0, 0, 0, 3, 11, 74
"/home/ser/Projects/Docker/site2/app/code/Infrastructure/Controllers/Actions/GET/Admin/Translate/DefaultAction/ViewDto.php", "PHP", 0, 20, 0, 0, 0, 0, 0, 0, 0, 0, 0, 0, 0, 1, 5, 26
"/home/ser/Projects/Docker/site2/app/code/Infrastructure/Controllers/Actions/GET/Admin/Translate/DynamicAction.php", "PHP", 0, 78, 0, 0, 0, 0, 0, 0, 0, 0, 0, 0, 0, 0, 15, 93
"/home/ser/Projects/Docker/site2/app/code/Infrastructure/Controllers/Actions/GET/Admin/Translate/DynamicAction/ViewDto.php", "PHP", 0, 23, 0, 0, 0, 0, 0, 0, 0, 0, 0, 0, 0, 3, 5, 31
"/home/ser/Projects/Docker/site2/app/code/Infrastructure/Controllers/Actions/GET/Admin/Translate/New/DefaultAction.php", "PHP", 0, 55, 0, 0, 0, 0, 0, 0, 0, 0, 0, 0, 0, 0, 12, 67
"/home/ser/Projects/Docker/site2/app/code/Infrastructure/Controllers/Actions/GET/Admin/Translate/New/DefaultAction/ViewDto.php", "PHP", 0, 21, 0, 0, 0, 0, 0, 0, 0, 0, 0, 0, 0, 3, 5, 29
"/home/ser/Projects/Docker/site2/app/code/Infrastructure/Controllers/Actions/GET/Admin/Users/DefaultAction.php", "PHP", 0, 34, 0, 0, 0, 0, 0, 0, 0, 0, 0, 0, 0, 0, 7, 41
"/home/ser/Projects/Docker/site2/app/code/Infrastructure/Controllers/Actions/GET/Article/DefaultAction.php", "PHP", 0, 82, 0, 0, 0, 0, 0, 0, 0, 0, 0, 0, 0, 5, 16, 103
"/home/ser/Projects/Docker/site2/app/code/Infrastructure/Controllers/Actions/GET/Article/DefaultAction/Pagination.php", "PHP", 0, 97, 0, 0, 0, 0, 0, 0, 0, 0, 0, 0, 0, 6, 21, 124
"/home/ser/Projects/Docker/site2/app/code/Infrastructure/Controllers/Actions/GET/Article/DefaultAction/ViewDTO.php", "PHP", 0, 26, 0, 0, 0, 0, 0, 0, 0, 0, 0, 0, 0, 2, 7, 35
"/home/ser/Projects/Docker/site2/app/code/Infrastructure/Controllers/Actions/GET/Article/DynamicAction.php", "PHP", 0, 79, 0, 0, 0, 0, 0, 0, 0, 0, 0, 0, 0, 1, 13, 93
"/home/ser/Projects/Docker/site2/app/code/Infrastructure/Controllers/Actions/GET/Article/DynamicAction/ViewDTO.php", "PHP", 0, 15, 0, 0, 0, 0, 0, 0, 0, 0, 0, 0, 0, 0, 5, 20
"/home/ser/Projects/Docker/site2/app/code/Infrastructure/Controllers/Actions/GET/Login/Admin/DefaultAction.php", "PHP", 0, 56, 0, 0, 0, 0, 0, 0, 0, 0, 0, 0, 0, 1, 10, 67
"/home/ser/Projects/Docker/site2/app/code/Infrastructure/Controllers/Actions/GET/Login/Admin/DefaultAction/ViewDTO.php", "PHP", 0, 19, 0, 0, 0, 0, 0, 0, 0, 0, 0, 0, 0, 0, 5, 24
"/home/ser/Projects/Docker/site2/app/code/Infrastructure/Controllers/Actions/GET/Login/DefaultAction.php", "PHP", 0, 52, 0, 0, 0, 0, 0, 0, 0, 0, 0, 0, 0, 0, 10, 62
"/home/ser/Projects/Docker/site2/app/code/Infrastructure/Controllers/Actions/GET/Login/DefaultAction/ViewDTO.php", "PHP", 0, 18, 0, 0, 0, 0, 0, 0, 0, 0, 0, 0, 0, 0, 5, 23
"/home/ser/Projects/Docker/site2/app/code/Infrastructure/Controllers/Actions/GET/PageNotFound/DefaultAction.php", "PHP", 0, 39, 0, 0, 0, 0, 0, 0, 0, 0, 0, 0, 0, 0, 10, 49
"/home/ser/Projects/Docker/site2/app/code/Infrastructure/Controllers/Actions/GET/Register/DefaultAction.php", "PHP", 0, 38, 0, 0, 0, 0, 0, 0, 0, 0, 0, 0, 0, 1, 8, 47
"/home/ser/Projects/Docker/site2/app/code/Infrastructure/Controllers/Actions/GET/Register/DefaultAction/ViewDTO.php", "PHP", 0, 14, 0, 0, 0, 0, 0, 0, 0, 0, 0, 0, 0, 0, 5, 19
"/home/ser/Projects/Docker/site2/app/code/Infrastructure/Controllers/Actions/GET/Root/DefaultAction.php", "PHP", 0, 39, 0, 0, 0, 0, 0, 0, 0, 0, 0, 0, 0, 0, 11, 50
"/home/ser/Projects/Docker/site2/app/code/Infrastructure/Controllers/Actions/GET/Root/DynamicAction.php", "PHP", 0, 67, 0, 0, 0, 0, 0, 0, 0, 0, 0, 0, 0, 1, 17, 85
"/home/ser/Projects/Docker/site2/app/code/Infrastructure/Controllers/Actions/GET/ServerError/DefaultAction.php", "PHP", 0, 104, 0, 0, 0, 0, 0, 0, 0, 0, 0, 0, 0, 8, 12, 124
"/home/ser/Projects/Docker/site2/app/code/Infrastructure/Controllers/Actions/GET/ServerErrorExample/DefaultAction.php", "PHP", 0, 19, 0, 0, 0, 0, 0, 0, 0, 0, 0, 0, 0, 1, 7, 27
"/home/ser/Projects/Docker/site2/app/code/Infrastructure/Controllers/Actions/GET/Sitemap/DefaultAction.php", "PHP", 0, 42, 0, 0, 0, 0, 0, 0, 0, 0, 0, 0, 0, 3, 10, 55
"/home/ser/Projects/Docker/site2/app/code/Infrastructure/Controllers/Actions/GET/Sitemap/DefaultAction/SitemapDTO.php", "PHP", 0, 20, 0, 0, 0, 0, 0, 0, 0, 0, 0, 0, 0, 9, 7, 36
"/home/ser/Projects/Docker/site2/app/code/Infrastructure/Controllers/Actions/GET/Sitemap/DefaultAction/SitemapDTOFactory.php", "PHP", 0, 24, 0, 0, 0, 0, 0, 0, 0, 0, 0, 0, 0, 11, 7, 42
"/home/ser/Projects/Docker/site2/app/code/Infrastructure/Controllers/Actions/GET/Sitemap/SitemapLinkTreeInterface.php", "PHP", 0, 8, 0, 0, 0, 0, 0, 0, 0, 0, 0, 0, 0, 5, 5, 18
"/home/ser/Projects/Docker/site2/app/code/Infrastructure/Controllers/Actions/POST/Admin/Api/Userinfo/DefaultAction.php", "PHP", 0, 49, 0, 0, 0, 0, 0, 0, 0, 0, 0, 0, 0, 0, 9, 58
"/home/ser/Projects/Docker/site2/app/code/Infrastructure/Controllers/Actions/POST/Admin/Author/Delete/DefaultAction.php", "PHP", 0, 85, 0, 0, 0, 0, 0, 0, 0, 0, 0, 0, 0, 1, 13, 99
"/home/ser/Projects/Docker/site2/app/code/Infrastructure/Controllers/Actions/POST/Admin/Author/New/DefaultAction.php", "PHP", 0, 85, 0, 0, 0, 0, 0, 0, 0, 0, 0, 0, 0, 1, 13, 99
"/home/ser/Projects/Docker/site2/app/code/Infrastructure/Controllers/Actions/POST/Admin/Author/Update/DefaultAction.php", "PHP", 0, 92, 0, 0, 0, 0, 0, 0, 0, 0, 0, 0, 0, 1, 13, 106
"/home/ser/Projects/Docker/site2/app/code/Infrastructure/Controllers/Actions/POST/Admin/Imagecache/Clear/DefaultAction.php", "PHP", 0, 39, 0, 0, 0, 0, 0, 0, 0, 0, 0, 0, 0, 0, 8, 47
"/home/ser/Projects/Docker/site2/app/code/Infrastructure/Controllers/Actions/POST/Admin/Logout/DefaultAction.php", "PHP", 0, 42, 0, 0, 0, 0, 0, 0, 0, 0, 0, 0, 0, 0, 8, 50
"/home/ser/Projects/Docker/site2/app/code/Infrastructure/Controllers/Actions/POST/Admin/Translate/Delete/DefaultAction.php", "PHP", 0, 71, 0, 0, 0, 0, 0, 0, 0, 0, 0, 0, 0, 1, 13, 85
"/home/ser/Projects/Docker/site2/app/code/Infrastructure/Controllers/Actions/POST/Admin/Translate/New/DefaultAction.php", "PHP", 0, 74, 0, 0, 0, 0, 0, 0, 0, 0, 0, 0, 0, 2, 13, 89
"/home/ser/Projects/Docker/site2/app/code/Infrastructure/Controllers/Actions/POST/Admin/Translate/Update/DefaultAction.php", "PHP", 0, 84, 0, 0, 0, 0, 0, 0, 0, 0, 0, 0, 0, 2, 13, 99
"/home/ser/Projects/Docker/site2/app/code/Infrastructure/Controllers/Actions/POST/Api/Userinfo/DefaultAction.php", "PHP", 0, 49, 0, 0, 0, 0, 0, 0, 0, 0, 0, 0, 0, 0, 9, 58
"/home/ser/Projects/Docker/site2/app/code/Infrastructure/Controllers/Actions/POST/Auth/Admin/DefaultAction.php", "PHP", 0, 93, 0, 0, 0, 0, 0, 0, 0, 0, 0, 0, 0, 1, 10, 104
"/home/ser/Projects/Docker/site2/app/code/Infrastructure/Controllers/Actions/POST/Auth/DefaultAction.php", "PHP", 0, 93, 0, 0, 0, 0, 0, 0, 0, 0, 0, 0, 0, 2, 11, 106
"/home/ser/Projects/Docker/site2/app/code/Infrastructure/Controllers/Actions/POST/Logout/DefaultAction.php", "PHP", 0, 41, 0, 0, 0, 0, 0, 0, 0, 0, 0, 0, 0, 0, 9, 50
"/home/ser/Projects/Docker/site2/app/code/Infrastructure/Controllers/RequestMiddlewares/Admin/AdminLoginMiddleware.php", "PHP", 0, 36, 0, 0, 0, 0, 0, 0, 0, 0, 0, 0, 0, 0, 10, 46
"/home/ser/Projects/Docker/site2/app/code/Infrastructure/Controllers/RequestMiddlewares/Admin/AdminRolesMiddleware.php", "PHP", 0, 51, 0, 0, 0, 0, 0, 0, 0, 0, 0, 0, 0, 7, 8, 66
"/home/ser/Projects/Docker/site2/app/code/Infrastructure/Controllers/RequestMiddlewares/CsrfMiddleware.php", "PHP", 0, 63, 0, 0, 0, 0, 0, 0, 0, 0, 0, 0, 0, 1, 15, 79
"/home/ser/Projects/Docker/site2/app/code/Infrastructure/Persist/Sql/AdminUser/AdminUserRepository.php", "PHP", 0, 110, 0, 0, 0, 0, 0, 0, 0, 0, 0, 0, 0, 27, 21, 158
"/home/ser/Projects/Docker/site2/app/code/Infrastructure/Persist/Sql/Article/ArticleOrderBy.php", "PHP", 0, 17, 0, 0, 0, 0, 0, 0, 0, 0, 0, 0, 0, 0, 5, 22
"/home/ser/Projects/Docker/site2/app/code/Infrastructure/Persist/Sql/Article/ArticleRepository.php", "PHP", 0, 253, 0, 0, 0, 0, 0, 0, 0, 0, 0, 0, 0, 49, 34, 336
"/home/ser/Projects/Docker/site2/app/code/Infrastructure/Persist/Sql/Article/ArticleSearchCriteria.php", "PHP", 0, 22, 0, 0, 0, 0, 0, 0, 0, 0, 0, 0, 0, 0, 5, 27
"/home/ser/Projects/Docker/site2/app/code/Infrastructure/Persist/Sql/Article/ArticleSearchCriteriaFactory.php", "PHP", 0, 28, 0, 0, 0, 0, 0, 0, 0, 0, 0, 0, 0, 0, 8, 36
"/home/ser/Projects/Docker/site2/app/code/Infrastructure/Persist/Sql/Article/Filters/ArticleFilter.php", "PHP", 0, 21, 0, 0, 0, 0, 0, 0, 0, 0, 0, 0, 0, 0, 6, 27
"/home/ser/Projects/Docker/site2/app/code/Infrastructure/Persist/Sql/Article/Filters/ArticleFilterFactory.php", "PHP", 0, 11, 0, 0, 0, 0, 0, 0, 0, 0, 0, 0, 0, 0, 5, 16
"/home/ser/Projects/Docker/site2/app/code/Infrastructure/Persist/Sql/Author/Repository.php", "PHP", 0, 343, 0, 0, 0, 0, 0, 0, 0, 0, 0, 0, 0, 21, 48, 412
"/home/ser/Projects/Docker/site2/app/code/Infrastructure/Persist/Sql/ImageCache/ImageCacheRepository.php", "PHP", 0, 49, 0, 0, 0, 0, 0, 0, 0, 0, 0, 0, 0, 0, 17, 66
"/home/ser/Projects/Docker/site2/app/code/Infrastructure/Persist/Sql/ReadModels/Article/AdminListView/Repository.php", "PHP", 0, 126, 0, 0, 0, 0, 0, 0, 0, 0, 0, 0, 0, 4, 27, 157
"/home/ser/Projects/Docker/site2/app/code/Infrastructure/Persist/Sql/ReadModels/Article/ListView/ArticleListViewRepository.php", "PHP", 0, 129, 0, 0, 0, 0, 0, 0, 0, 0, 0, 0, 0, 11, 22, 162
"/home/ser/Projects/Docker/site2/app/code/Infrastructure/Persist/Sql/ReadModels/Article/ListView/SearchCriteria.php", "PHP", 0, 33, 0, 0, 0, 0, 0, 0, 0, 0, 0, 0, 0, 0, 9, 42
"/home/ser/Projects/Docker/site2/app/code/Infrastructure/Persist/Sql/ReadModels/Article/ListView/SearchCriteriaFactory.php", "PHP", 0, 69, 0, 0, 0, 0, 0, 0, 0, 0, 0, 0, 0, 0, 12, 81
"/home/ser/Projects/Docker/site2/app/code/Infrastructure/Persist/Sql/ReadModels/Article/View/ArticleViewRepository.php", "PHP", 0, 170, 0, 0, 0, 0, 0, 0, 0, 0, 0, 0, 0, 2, 19, 191
"/home/ser/Projects/Docker/site2/app/code/Infrastructure/Persist/Sql/ReadModels/Author/AdminList/Repository.php", "PHP", 0, 87, 0, 0, 0, 0, 0, 0, 0, 0, 0, 0, 0, 4, 24, 115
"/home/ser/Projects/Docker/site2/app/code/Infrastructure/Persist/Sql/ReadModels/Author/AdminView/Repository.php", "PHP", 0, 165, 0, 0, 0, 0, 0, 0, 0, 0, 0, 0, 0, 13, 29, 207
"/home/ser/Projects/Docker/site2/app/code/Infrastructure/Persist/Sql/ReadModels/Image/AdminList/Repository.php", "PHP", 0, 101, 0, 0, 0, 0, 0, 0, 0, 0, 0, 0, 0, 4, 26, 131
"/home/ser/Projects/Docker/site2/app/code/Infrastructure/Persist/Sql/ReadModels/Image/AdminView/Repository.php", "PHP", 0, 248, 0, 0, 0, 0, 0, 0, 0, 0, 0, 0, 0, 5, 32, 285
"/home/ser/Projects/Docker/site2/app/code/Infrastructure/Persist/Sql/ReadModels/Image/Converter/ImgViewRepository.php", "PHP", 0, 50, 0, 0, 0, 0, 0, 0, 0, 0, 0, 0, 0, 0, 10, 60
"/home/ser/Projects/Docker/site2/app/code/Infrastructure/Persist/Sql/ReadModels/ImageCacheView/ImageCacheViewRepository.php", "PHP", 0, 47, 0, 0, 0, 0, 0, 0, 0, 0, 0, 0, 0, 0, 10, 57
"/home/ser/Projects/Docker/site2/app/code/Infrastructure/Persist/Sql/ReadModels/Language/ListView/Repository.php", "PHP", 0, 53, 0, 0, 0, 0, 0, 0, 0, 0, 0, 0, 0, 1, 12, 66
"/home/ser/Projects/Docker/site2/app/code/Infrastructure/Persist/Sql/ReadModels/Translate/ListView/Repository.php", "PHP", 0, 71, 0, 0, 0, 0, 0, 0, 0, 0, 0, 0, 0, 4, 22, 97
"/home/ser/Projects/Docker/site2/app/code/Infrastructure/Persist/Sql/ReadModels/Translate/View/Repository.php", "PHP", 0, 92, 0, 0, 0, 0, 0, 0, 0, 0, 0, 0, 0, 1, 19, 112
"/home/ser/Projects/Docker/site2/app/code/Infrastructure/Persist/Sql/ReadModels/TranslateStorage/TranslateStorage.php", "PHP", 0, 61, 0, 0, 0, 0, 0, 0, 0, 0, 0, 0, 0, 0, 12, 73
"/home/ser/Projects/Docker/site2/app/code/Infrastructure/Persist/Sql/Translate/Repository.php", "PHP", 0, 193, 0, 0, 0, 0, 0, 0, 0, 0, 0, 0, 0, 8, 24, 225
"/home/ser/Projects/Docker/site2/app/code/Infrastructure/Services/DateFormatterUsesDateFormat.php", "PHP", 0, 13, 0, 0, 0, 0, 0, 0, 0, 0, 0, 0, 0, 0, 6, 19
"/home/ser/Projects/Docker/site2/app/code/Infrastructure/Services/Image/CopyImage.php", "PHP", 0, 41, 0, 0, 0, 0, 0, 0, 0, 0, 0, 0, 0, 5, 11, 57
"/home/ser/Projects/Docker/site2/app/code/Infrastructure/Services/Image/Image.php", "PHP", 0, 51, 0, 0, 0, 0, 0, 0, 0, 0, 0, 0, 0, 6, 12, 69
"/home/ser/Projects/Docker/site2/app/code/Infrastructure/Services/Image/ImageMetadataLoader.php", "PHP", 0, 33, 0, 0, 0, 0, 0, 0, 0, 0, 0, 0, 0, 0, 8, 41
"/home/ser/Projects/Docker/site2/app/code/Infrastructure/Services/Image/ImgConverter.php", "PHP", 0, 185, 0, 0, 0, 0, 0, 0, 0, 0, 0, 0, 0, 12, 25, 222
"/home/ser/Projects/Docker/site2/app/code/Infrastructure/Services/ReadLengthFormatter.php", "PHP", 0, 40, 0, 0, 0, 0, 0, 0, 0, 0, 0, 0, 0, 0, 12, 52
"/home/ser/Projects/Docker/site2/app/code/Infrastructure/Services/Session/Site2Session.php", "PHP", 0, 7, 0, 0, 0, 0, 0, 0, 0, 0, 0, 0, 0, 0, 5, 12
"/home/ser/Projects/Docker/site2/app/code/Infrastructure/Services/Session/Site2SessionInterface.php", "PHP", 0, 12, 0, 0, 0, 0, 0, 0, 0, 0, 0, 0, 0, 0, 5, 17
"/home/ser/Projects/Docker/site2/app/code/Infrastructure/Services/TokenGenerators/CouldNotGenerateException.php", "PHP", 0, 7, 0, 0, 0, 0, 0, 0, 0, 0, 0, 0, 0, 0, 5, 12
"/home/ser/Projects/Docker/site2/app/code/Infrastructure/Services/TokenGenerators/CsrfTokenGeneratorInterface.php", "PHP", 0, 7, 0, 0, 0, 0, 0, 0, 0, 0, 0, 0, 0, 5, 4, 16
"/home/ser/Projects/Docker/site2/app/code/Infrastructure/Services/TokenGenerators/CsrfTokenGeneratorUseRandomBytes.php", "PHP", 0, 31, 0, 0, 0, 0, 0, 0, 0, 0, 0, 0, 0, 0, 8, 39
"/home/ser/Projects/Docker/site2/app/code/Infrastructure/Views/Html/CantCreateViewException.php", "PHP", 0, 7, 0, 0, 0, 0, 0, 0, 0, 0, 0, 0, 0, 0, 5, 12
"/home/ser/Projects/Docker/site2/app/code/Infrastructure/Views/Html/Classes/CreatePagination.php", "PHP", 0, 138, 0, 0, 0, 0, 0, 0, 0, 0, 0, 0, 0, 11, 15, 164
"/home/ser/Projects/Docker/site2/app/code/Infrastructure/Views/Html/Classes/Pagination.php", "PHP", 0, 35, 0, 0, 0, 0, 0, 0, 0, 0, 0, 0, 0, 0, 10, 45
"/home/ser/Projects/Docker/site2/app/code/Infrastructure/Views/Html/Classes/SitemapLinkTreeToHtml.php", "PHP", 0, 57, 0, 0, 0, 0, 0, 0, 0, 0, 0, 0, 0, 18, 11, 86
"/home/ser/Projects/Docker/site2/app/code/Infrastructure/Views/Html/CreatePaginationInterface.php", "PHP", 0, 7, 0, 0, 0, 0, 0, 0, 0, 0, 0, 0, 0, 0, 4, 11
"/home/ser/Projects/Docker/site2/app/code/Infrastructure/Views/Html/PaginationInterface.php", "PHP", 0, 15, 0, 0, 0, 0, 0, 0, 0, 0, 0, 0, 0, 0, 9, 24
"/home/ser/Projects/Docker/site2/app/code/Infrastructure/Views/Html/Site2TwigView.php", "PHP", 0, 80, 0, 0, 0, 0, 0, 0, 0, 0, 0, 0, 0, 13, 14, 107
"/home/ser/Projects/Docker/site2/app/code/Infrastructure/Views/Html/Templates/admin/controllers/admin/default_action/blocks/articles.twig", "HTML (Twig)", 0, 0, 0, 0, 0, 0, 0, 0, 0, 0, 0, 0, 4, 0, 0, 4
"/home/ser/Projects/Docker/site2/app/code/Infrastructure/Views/Html/Templates/admin/controllers/admin/default_action/blocks/authors.twig", "HTML (Twig)", 0, 0, 0, 0, 0, 0, 0, 0, 0, 0, 0, 0, 7, 0, 0, 7
"/home/ser/Projects/Docker/site2/app/code/Infrastructure/Views/Html/Templates/admin/controllers/admin/default_action/blocks/images.twig", "HTML (Twig)", 0, 0, 0, 0, 0, 0, 0, 0, 0, 0, 0, 0, 7, 0, 0, 7
"/home/ser/Projects/Docker/site2/app/code/Infrastructure/Views/Html/Templates/admin/controllers/admin/default_action/blocks/languages.twig", "HTML (Twig)", 0, 0, 0, 0, 0, 0, 0, 0, 0, 0, 0, 0, 4, 0, 0, 4
"/home/ser/Projects/Docker/site2/app/code/Infrastructure/Views/Html/Templates/admin/controllers/admin/default_action/blocks/translates.twig", "HTML (Twig)", 0, 0, 0, 0, 0, 0, 0, 0, 0, 0, 0, 0, 7, 0, 0, 7
"/home/ser/Projects/Docker/site2/app/code/Infrastructure/Views/Html/Templates/admin/controllers/admin/default_action/blocks/users.twig", "HTML (Twig)", 0, 0, 0, 0, 0, 0, 0, 0, 0, 0, 0, 0, 4, 0, 0, 4
"/home/ser/Projects/Docker/site2/app/code/Infrastructure/Views/Html/Templates/admin/controllers/admin/default_action/index.twig", "HTML (Twig)", 0, 0, 0, 0, 0, 0, 0, 0, 0, 0, 0, 0, 10, 5, 0, 15
"/home/ser/Projects/Docker/site2/app/code/Infrastructure/Views/Html/Templates/admin/controllers/article/default_action/articles.twig", "HTML (Twig)", 0, 0, 0, 0, 0, 0, 0, 0, 0, 0, 0, 0, 130, 5, 11, 146
"/home/ser/Projects/Docker/site2/app/code/Infrastructure/Views/Html/Templates/admin/controllers/article/default_action/index.twig", "HTML (Twig)", 0, 0, 0, 0, 0, 0, 0, 0, 0, 0, 0, 0, 12, 0, 2, 14
"/home/ser/Projects/Docker/site2/app/code/Infrastructure/Views/Html/Templates/admin/controllers/article/default_action/zero_articles.twig", "HTML (Twig)", 0, 0, 0, 0, 0, 0, 0, 0, 0, 0, 0, 0, 1, 0, 0, 1
"/home/ser/Projects/Docker/site2/app/code/Infrastructure/Views/Html/Templates/admin/controllers/author/default_action/authors.twig", "HTML (Twig)", 0, 0, 0, 0, 0, 0, 0, 0, 0, 0, 0, 0, 99, 6, 10, 115
"/home/ser/Projects/Docker/site2/app/code/Infrastructure/Views/Html/Templates/admin/controllers/author/default_action/index.twig", "HTML (Twig)", 0, 0, 0, 0, 0, 0, 0, 0, 0, 0, 0, 0, 12, 3, 4, 19
"/home/ser/Projects/Docker/site2/app/code/Infrastructure/Views/Html/Templates/admin/controllers/author/default_action/zero_authors.twig", "HTML (Twig)", 0, 0, 0, 0, 0, 0, 0, 0, 0, 0, 0, 0, 1, 3, 2, 6
"/home/ser/Projects/Docker/site2/app/code/Infrastructure/Views/Html/Templates/admin/controllers/author/dynamic_action/blocks/articles.twig", "HTML (Twig)", 0, 0, 0, 0, 0, 0, 0, 0, 0, 0, 0, 0, 26, 0, 1, 27
"/home/ser/Projects/Docker/site2/app/code/Infrastructure/Views/Html/Templates/admin/controllers/author/dynamic_action/blocks/images.twig", "HTML (Twig)", 0, 0, 0, 0, 0, 0, 0, 0, 0, 0, 0, 0, 16, 0, 1, 17
"/home/ser/Projects/Docker/site2/app/code/Infrastructure/Views/Html/Templates/admin/controllers/author/dynamic_action/blocks/translates.twig", "HTML (Twig)", 0, 0, 0, 0, 0, 0, 0, 0, 0, 0, 0, 0, 29, 4, 3, 36
"/home/ser/Projects/Docker/site2/app/code/Infrastructure/Views/Html/Templates/admin/controllers/author/dynamic_action/index.twig", "HTML (Twig)", 0, 0, 0, 0, 0, 0, 0, 0, 0, 0, 0, 0, 89, 6, 8, 103
"/home/ser/Projects/Docker/site2/app/code/Infrastructure/Views/Html/Templates/admin/controllers/author_new/default_action/blocks/translates.twig", "HTML (Twig)", 0, 0, 0, 0, 0, 0, 0, 0, 0, 0, 0, 0, 21, 4, 2, 27
"/home/ser/Projects/Docker/site2/app/code/Infrastructure/Views/Html/Templates/admin/controllers/author_new/default_action/index.twig", "HTML (Twig)", 0, 0, 0, 0, 0, 0, 0, 0, 0, 0, 0, 0, 49, 5, 4, 58
"/home/ser/Projects/Docker/site2/app/code/Infrastructure/Views/Html/Templates/admin/controllers/image/default_action/images.twig", "HTML (Twig)", 0, 0, 0, 0, 0, 0, 0, 0, 0, 0, 0, 0, 108, 7, 12, 127
"/home/ser/Projects/Docker/site2/app/code/Infrastructure/Views/Html/Templates/admin/controllers/image/default_action/index.twig", "HTML (Twig)", 0, 0, 0, 0, 0, 0, 0, 0, 0, 0, 0, 0, 11, 3, 3, 17
"/home/ser/Projects/Docker/site2/app/code/Infrastructure/Views/Html/Templates/admin/controllers/image/default_action/zero_images.twig", "HTML (Twig)", 0, 0, 0, 0, 0, 0, 0, 0, 0, 0, 0, 0, 1, 0, 0, 1
"/home/ser/Projects/Docker/site2/app/code/Infrastructure/Views/Html/Templates/admin/controllers/image/dynamic_action/blocks/articles.twig", "HTML (Twig)", 0, 0, 0, 0, 0, 0, 0, 0, 0, 0, 0, 0, 36, 0, 1, 37
"/home/ser/Projects/Docker/site2/app/code/Infrastructure/Views/Html/Templates/admin/controllers/image/dynamic_action/blocks/image.twig", "HTML (Twig)", 0, 0, 0, 0, 0, 0, 0, 0, 0, 0, 0, 0, 38, 0, 1, 39
"/home/ser/Projects/Docker/site2/app/code/Infrastructure/Views/Html/Templates/admin/controllers/image/dynamic_action/blocks/translates.twig", "HTML (Twig)", 0, 0, 0, 0, 0, 0, 0, 0, 0, 0, 0, 0, 29, 4, 2, 35
"/home/ser/Projects/Docker/site2/app/code/Infrastructure/Views/Html/Templates/admin/controllers/image/dynamic_action/index.twig", "HTML (Twig)", 0, 0, 0, 0, 0, 0, 0, 0, 0, 0, 0, 0, 145, 8, 10, 163
"/home/ser/Projects/Docker/site2/app/code/Infrastructure/Views/Html/Templates/admin/controllers/imagecache/default_action/index.twig", "HTML (Twig)", 0, 0, 0, 0, 0, 0, 0, 0, 0, 0, 0, 0, 12, 0, 0, 12
"/home/ser/Projects/Docker/site2/app/code/Infrastructure/Views/Html/Templates/admin/controllers/language/default_action/index.twig", "HTML (Twig)", 0, 0, 0, 0, 0, 0, 0, 0, 0, 0, 0, 0, 43, 0, 3, 46
"/home/ser/Projects/Docker/site2/app/code/Infrastructure/Views/Html/Templates/admin/controllers/translate/default_action/index.twig", "HTML (Twig)", 0, 0, 0, 0, 0, 0, 0, 0, 0, 0, 0, 0, 12, 3, 4, 19
"/home/ser/Projects/Docker/site2/app/code/Infrastructure/Views/Html/Templates/admin/controllers/translate/default_action/translates.twig", "HTML (Twig)", 0, 0, 0, 0, 0, 0, 0, 0, 0, 0, 0, 0, 88, 8, 11, 107
"/home/ser/Projects/Docker/site2/app/code/Infrastructure/Views/Html/Templates/admin/controllers/translate/default_action/zero_translates.twig", "HTML (Twig)", 0, 0, 0, 0, 0, 0, 0, 0, 0, 0, 0, 0, 1, 3, 2, 6
"/home/ser/Projects/Docker/site2/app/code/Infrastructure/Views/Html/Templates/admin/controllers/translate/dynamic_action/blocks/phrases.twig", "HTML (Twig)", 0, 0, 0, 0, 0, 0, 0, 0, 0, 0, 0, 0, 30, 4, 3, 37
"/home/ser/Projects/Docker/site2/app/code/Infrastructure/Views/Html/Templates/admin/controllers/translate/dynamic_action/index.twig", "HTML (Twig)", 0, 0, 0, 0, 0, 0, 0, 0, 0, 0, 0, 0, 46, 6, 4, 56
"/home/ser/Projects/Docker/site2/app/code/Infrastructure/Views/Html/Templates/admin/controllers/translate_new/default_action/blocks/phrases.twig", "HTML (Twig)", 0, 0, 0, 0, 0, 0, 0, 0, 0, 0, 0, 0, 30, 4, 3, 37
"/home/ser/Projects/Docker/site2/app/code/Infrastructure/Views/Html/Templates/admin/controllers/translate_new/default_action/index.twig", "HTML (Twig)", 0, 0, 0, 0, 0, 0, 0, 0, 0, 0, 0, 0, 26, 5, 4, 35
"/home/ser/Projects/Docker/site2/app/code/Infrastructure/Views/Html/Templates/admin/controllers/users/default_action/index.twig", "HTML (Twig)", 0, 0, 0, 0, 0, 0, 0, 0, 0, 0, 0, 0, 6, 0, 0, 6
"/home/ser/Projects/Docker/site2/app/code/Infrastructure/Views/Html/Templates/admin/heads/admin/default_action/index.twig", "HTML (Twig)", 0, 0, 0, 0, 0, 0, 0, 0, 0, 0, 0, 0, 1, 0, 0, 1
"/home/ser/Projects/Docker/site2/app/code/Infrastructure/Views/Html/Templates/admin/layouts/before-body-close-tag.twig", "HTML (Twig)", 0, 0, 0, 0, 0, 0, 0, 0, 0, 0, 0, 0, 3, 0, 0, 3
"/home/ser/Projects/Docker/site2/app/code/Infrastructure/Views/Html/Templates/admin/layouts/footer.twig", "HTML (Twig)", 0, 0, 0, 0, 0, 0, 0, 0, 0, 0, 0, 0, 7, 0, 0, 7
"/home/ser/Projects/Docker/site2/app/code/Infrastructure/Views/Html/Templates/admin/layouts/head.twig", "HTML (Twig)", 0, 0, 0, 0, 0, 0, 0, 0, 0, 0, 0, 0, 15, 6, 2, 23
"/home/ser/Projects/Docker/site2/app/code/Infrastructure/Views/Html/Templates/admin/layouts/header.twig", "HTML (Twig)", 0, 0, 0, 0, 0, 0, 0, 0, 0, 0, 0, 0, 28, 0, 0, 28
"/home/ser/Projects/Docker/site2/app/code/Infrastructure/Views/Html/Templates/admin/layouts/message.twig", "HTML (Twig)", 0, 0, 0, 0, 0, 0, 0, 0, 0, 0, 0, 0, 23, 0, 0, 23
"/home/ser/Projects/Docker/site2/app/code/Infrastructure/Views/Html/Templates/base.twig", "HTML (Twig)", 0, 0, 0, 0, 0, 0, 0, 0, 0, 0, 0, 0, 26, 11, 11, 48
"/home/ser/Projects/Docker/site2/app/code/Infrastructure/Views/Html/Templates/base_admin.twig", "HTML (Twig)", 0, 0, 0, 0, 0, 0, 0, 0, 0, 0, 0, 0, 21, 10, 9, 40
"/home/ser/Projects/Docker/site2/app/code/Infrastructure/Views/Html/Templates/frontend/controllers/article/default_action/articles.twig", "HTML (Twig)", 0, 0, 0, 0, 0, 0, 0, 0, 0, 0, 0, 0, 94, 3, 10, 107
"/home/ser/Projects/Docker/site2/app/code/Infrastructure/Views/Html/Templates/frontend/controllers/article/default_action/index.twig", "HTML (Twig)", 0, 0, 0, 0, 0, 0, 0, 0, 0, 0, 0, 0, 84, 5, 5, 94
"/home/ser/Projects/Docker/site2/app/code/Infrastructure/Views/Html/Templates/frontend/controllers/article/default_action/zero_articles.twig", "HTML (Twig)", 0, 0, 0, 0, 0, 0, 0, 0, 0, 0, 0, 0, 1, 3, 0, 4
"/home/ser/Projects/Docker/site2/app/code/Infrastructure/Views/Html/Templates/frontend/controllers/article/dynamic_action/index.twig", "HTML (Twig)", 0, 0, 0, 0, 0, 0, 0, 0, 0, 0, 0, 0, 149, 4, 10, 163
"/home/ser/Projects/Docker/site2/app/code/Infrastructure/Views/Html/Templates/frontend/controllers/login/default_action/index.twig", "HTML (Twig)", 0, 0, 0, 0, 0, 0, 0, 0, 0, 0, 0, 0, 33, 4, 2, 39
"/home/ser/Projects/Docker/site2/app/code/Infrastructure/Views/Html/Templates/frontend/controllers/login_admin/default_action/index.twig", "HTML (Twig)", 0, 0, 0, 0, 0, 0, 0, 0, 0, 0, 0, 0, 22, 4, 1, 27
"/home/ser/Projects/Docker/site2/app/code/Infrastructure/Views/Html/Templates/frontend/controllers/not-found/default_action/index.twig", "HTML (Twig)", 0, 0, 0, 0, 0, 0, 0, 0, 0, 0, 0, 0, 12, 0, 1, 13
"/home/ser/Projects/Docker/site2/app/code/Infrastructure/Views/Html/Templates/frontend/controllers/register/default_action/index.twig", "HTML (Twig)", 0, 0, 0, 0, 0, 0, 0, 0, 0, 0, 0, 0, 12, 0, 0, 12
"/home/ser/Projects/Docker/site2/app/code/Infrastructure/Views/Html/Templates/frontend/controllers/root/default_action/index.twig", "HTML (Twig)", 0, 0, 0, 0, 0, 0, 0, 0, 0, 0, 0, 0, 462, 3, 1, 466
"/home/ser/Projects/Docker/site2/app/code/Infrastructure/Views/Html/Templates/frontend/controllers/root/dynamic_action/about.twig", "HTML (Twig)", 0, 0, 0, 0, 0, 0, 0, 0, 0, 0, 0, 0, 4, 3, 1, 8
"/home/ser/Projects/Docker/site2/app/code/Infrastructure/Views/Html/Templates/frontend/controllers/root/dynamic_action/contacts.twig", "HTML (Twig)", 0, 0, 0, 0, 0, 0, 0, 0, 0, 0, 0, 0, 4, 3, 1, 8
"/home/ser/Projects/Docker/site2/app/code/Infrastructure/Views/Html/Templates/frontend/controllers/root/dynamic_action/index.twig", "HTML (Twig)", 0, 0, 0, 0, 0, 0, 0, 0, 0, 0, 0, 0, 2, 0, 1, 3
"/home/ser/Projects/Docker/site2/app/code/Infrastructure/Views/Html/Templates/frontend/controllers/server-error/default_action/index.twig", "HTML (Twig)", 0, 0, 0, 0, 0, 0, 0, 0, 0, 0, 0, 0, 9, 0, 0, 9
"/home/ser/Projects/Docker/site2/app/code/Infrastructure/Views/Html/Templates/frontend/controllers/sitemap/default_action/index.twig", "HTML (Twig)", 0, 0, 0, 0, 0, 0, 0, 0, 0, 0, 0, 0, 5, 0, 1, 6
"/home/ser/Projects/Docker/site2/app/code/Infrastructure/Views/Html/Templates/frontend/heads/article/default_action/index.twig", "HTML (Twig)", 0, 0, 0, 0, 0, 0, 0, 0, 0, 0, 0, 0, 1, 0, 0, 1
"/home/ser/Projects/Docker/site2/app/code/Infrastructure/Views/Html/Templates/frontend/heads/article/dynamic_action/index.twig", "HTML (Twig)", 0, 0, 0, 0, 0, 0, 0, 0, 0, 0, 0, 0, 1, 0, 0, 1
"/home/ser/Projects/Docker/site2/app/code/Infrastructure/Views/Html/Templates/frontend/heads/root/default_action/index.twig", "HTML (Twig)", 0, 0, 0, 0, 0, 0, 0, 0, 0, 0, 0, 0, 1, 0, 0, 1
"/home/ser/Projects/Docker/site2/app/code/Infrastructure/Views/Html/Templates/frontend/layouts/before-body-close-tag.twig", "HTML (Twig)", 0, 0, 0, 0, 0, 0, 0, 0, 0, 0, 0, 0, 3, 0, 0, 3
"/home/ser/Projects/Docker/site2/app/code/Infrastructure/Views/Html/Templates/frontend/layouts/footer.twig", "HTML (Twig)", 0, 0, 0, 0, 0, 0, 0, 0, 0, 0, 0, 0, 9, 0, 4, 13
"/home/ser/Projects/Docker/site2/app/code/Infrastructure/Views/Html/Templates/frontend/layouts/footer/copyrights.twig", "HTML (Twig)", 0, 0, 0, 0, 0, 0, 0, 0, 0, 0, 0, 0, 7, 0, 0, 7
"/home/ser/Projects/Docker/site2/app/code/Infrastructure/Views/Html/Templates/frontend/layouts/footer/infoline.twig", "HTML (Twig)", 0, 0, 0, 0, 0, 0, 0, 0, 0, 0, 0, 0, 48, 0, 2, 50
"/home/ser/Projects/Docker/site2/app/code/Infrastructure/Views/Html/Templates/frontend/layouts/footer/links.twig", "HTML (Twig)", 0, 0, 0, 0, 0, 0, 0, 0, 0, 0, 0, 0, 49, 0, 0, 49
"/home/ser/Projects/Docker/site2/app/code/Infrastructure/Views/Html/Templates/frontend/layouts/footer/policy.twig", "HTML (Twig)", 0, 0, 0, 0, 0, 0, 0, 0, 0, 0, 0, 0, 12, 0, 0, 12
"/home/ser/Projects/Docker/site2/app/code/Infrastructure/Views/Html/Templates/frontend/layouts/footer/social-links.twig", "HTML (Twig)", 0, 0, 0, 0, 0, 0, 0, 0, 0, 0, 0, 0, 10, 0, 0, 10
"/home/ser/Projects/Docker/site2/app/code/Infrastructure/Views/Html/Templates/frontend/layouts/head.twig", "HTML (Twig)", 0, 0, 0, 0, 0, 0, 0, 0, 0, 0, 0, 0, 16, 5, 3, 24
"/home/ser/Projects/Docker/site2/app/code/Infrastructure/Views/Html/Templates/frontend/layouts/header.twig", "HTML (Twig)", 0, 0, 0, 0, 0, 0, 0, 0, 0, 0, 0, 0, 6, 0, 0, 6
"/home/ser/Projects/Docker/site2/app/code/Infrastructure/Views/Html/Templates/frontend/layouts/header/breadcrumbs.twig", "HTML (Twig)", 0, 0, 0, 0, 0, 0, 0, 0, 0, 0, 0, 0, 25, 0, 0, 25
"/home/ser/Projects/Docker/site2/app/code/Infrastructure/Views/Html/Templates/frontend/layouts/header/infoline.twig", "HTML (Twig)", 0, 0, 0, 0, 0, 0, 0, 0, 0, 0, 0, 0, 50, 0, 4, 54
"/home/ser/Projects/Docker/site2/app/code/Infrastructure/Views/Html/Templates/frontend/layouts/header/logo.twig", "HTML (Twig)", 0, 0, 0, 0, 0, 0, 0, 0, 0, 0, 0, 0, 45, 0, 6, 51
"/home/ser/Projects/Docker/site2/app/code/Infrastructure/Views/Html/Templates/frontend/layouts/header/nav.twig", "HTML (Twig)", 0, 0, 0, 0, 0, 0, 0, 0, 0, 0, 0, 0, 106, 0, 0, 106
"/home/ser/Projects/Docker/site2/app/code/Infrastructure/Views/Html/TwigView.php", "PHP", 0, 79, 0, 0, 0, 0, 0, 0, 0, 0, 0, 0, 0, 28, 21, 128
"/home/ser/Projects/Docker/site2/app/config/shared/audio.php", "PHP", 0, 5, 0, 0, 0, 0, 0, 0, 0, 0, 0, 0, 0, 6, 2, 13
"/home/ser/Projects/Docker/site2/app/config/shared/bootstrap.php", "PHP", 0, 5, 0, 0, 0, 0, 0, 0, 0, 0, 0, 0, 0, 0, 2, 7
"/home/ser/Projects/Docker/site2/app/config/shared/dynamic_root.php", "PHP", 0, 7, 0, 0, 0, 0, 0, 0, 0, 0, 0, 0, 0, 0, 3, 10
"/home/ser/Projects/Docker/site2/app/config/shared/errors.php", "PHP", 0, 5, 0, 0, 0, 0, 0, 0, 0, 0, 0, 0, 0, 7, 2, 14
"/home/ser/Projects/Docker/site2/app/config/shared/images.php", "PHP", 0, 6, 0, 0, 0, 0, 0, 0, 0, 0, 0, 0, 0, 6, 2, 14
"/home/ser/Projects/Docker/site2/app/config/shared/twig.php", "PHP", 0, 7, 0, 0, 0, 0, 0, 0, 0, 0, 0, 0, 0, 0, 2, 9
"/home/ser/Projects/Docker/site2/compose.yaml", "YAML", 0, 0, 0, 0, 0, 0, 0, 0, 0, 0, 0, 49, 0, 0, 6, 55
"/home/ser/Projects/Docker/site2/composer.json", "JSON", 0, 0, 0, 60, 0, 0, 0, 0, 0, 0, 0, 0, 0, 0, 3, 63
"/home/ser/Projects/Docker/site2/composer.lock", "JSON", 0, 0, 0, 2927, 0, 0, 0, 0, 0, 0, 0, 0, 0, 0, 1, 2928
"/home/ser/Projects/Docker/site2/deptrac.yaml", "YAML", 0, 0, 0, 0, 0, 0, 0, 0, 0, 0, 0, 25, 0, 0, 1, 26
"/home/ser/Projects/Docker/site2/doc/Entities/Article.md", "Markdown", 7, 0, 0, 0, 0, 0, 0, 0, 0, 0, 0, 0, 0, 0, 2, 9
"/home/ser/Projects/Docker/site2/doc/Entities/Audio.md", "Markdown", 7, 0, 0, 0, 0, 0, 0, 0, 0, 0, 0, 0, 0, 0, 3, 10
"/home/ser/Projects/Docker/site2/doc/Entities/Author.md", "Markdown", 9, 0, 0, 0, 0, 0, 0, 0, 0, 0, 0, 0, 0, 0, 3, 12
"/home/ser/Projects/Docker/site2/doc/Entities/Category.md", "Markdown", 7, 0, 0, 0, 0, 0, 0, 0, 0, 0, 0, 0, 0, 0, 3, 10
"/home/ser/Projects/Docker/site2/doc/Entities/Img.md", "Markdown", 7, 0, 0, 0, 0, 0, 0, 0, 0, 0, 0, 0, 0, 0, 3, 10
"/home/ser/Projects/Docker/site2/doc/Entities/Language.md", "Markdown", 11, 0, 0, 0, 0, 0, 0, 0, 0, 0, 0, 0, 0, 0, 2, 13
"/home/ser/Projects/Docker/site2/doc/Entities/Person.md", "Markdown", 7, 0, 0, 0, 0, 0, 0, 0, 0, 0, 0, 0, 0, 0, 3, 10
"/home/ser/Projects/Docker/site2/doc/Image_Converter/01_readme.md", "Markdown", 17, 0, 0, 0, 0, 0, 0, 0, 0, 0, 0, 0, 0, 0, 12, 29
"/home/ser/Projects/Docker/site2/doc/admin/authorization.md", "Markdown", 3, 0, 0, 0, 0, 0, 0, 0, 0, 0, 0, 0, 0, 0, 3, 6
"/home/ser/Projects/Docker/site2/doc/admin/routes.md", "Markdown", 25, 0, 0, 0, 0, 0, 0, 0, 0, 0, 0, 0, 0, 0, 5, 30
"/home/ser/Projects/Docker/site2/doc/admin/schema.md", "Markdown", 14, 0, 0, 0, 0, 0, 0, 0, 0, 0, 0, 0, 0, 0, 4, 18
"/home/ser/Projects/Docker/site2/doc/bootstrap/00_readme.md", "Markdown", 5, 0, 0, 0, 0, 0, 0, 0, 0, 0, 0, 0, 0, 0, 3, 8
"/home/ser/Projects/Docker/site2/doc/bootstrap/Container.md", "Markdown", 3, 0, 0, 0, 0, 0, 0, 0, 0, 0, 0, 0, 0, 0, 3, 6
"/home/ser/Projects/Docker/site2/doc/design/01-readme.md", "Markdown", 4, 0, 0, 0, 0, 0, 0, 0, 0, 0, 0, 0, 0, 0, 1, 5
"/home/ser/Projects/Docker/site2/doc/design/bootstrap.md", "Markdown", 3, 0, 0, 0, 0, 0, 0, 0, 0, 0, 0, 0, 0, 0, 3, 6
"/home/ser/Projects/Docker/site2/doc/design/responsive.md", "Markdown", 29, 0, 0, 0, 0, 0, 0, 0, 0, 0, 0, 0, 0, 0, 5, 34
"/home/ser/Projects/Docker/site2/doc/docker/00_readme.md", "Markdown", 7, 0, 0, 0, 0, 0, 0, 0, 0, 0, 0, 0, 0, 0, 4, 11
"/home/ser/Projects/Docker/site2/doc/errors/errors.md", "Markdown", 4, 0, 0, 0, 0, 0, 0, 0, 0, 0, 0, 0, 0, 0, 3, 7
"/home/ser/Projects/Docker/site2/doc/errors/not-found/00-readme.md", "Markdown", 4, 0, 0, 0, 0, 0, 0, 0, 0, 0, 0, 0, 0, 0, 2, 6
"/home/ser/Projects/Docker/site2/doc/errors/server-errors/00-readme.md", "Markdown", 4, 0, 0, 0, 0, 0, 0, 0, 0, 0, 0, 0, 0, 0, 2, 6
"/home/ser/Projects/Docker/site2/doc/errors/server-errors/01-how-it-works.md", "Markdown", 19, 0, 0, 0, 0, 0, 0, 0, 0, 0, 0, 0, 0, 0, 10, 29
"/home/ser/Projects/Docker/site2/doc/errors/server-errors/02-server-error-controller.md", "Markdown", 12, 0, 0, 0, 0, 0, 0, 0, 0, 0, 0, 0, 0, 0, 8, 20
"/home/ser/Projects/Docker/site2/doc/errors/server-errors/03-php-fpm-service-error.md", "Markdown", 17, 0, 0, 0, 0, 0, 0, 0, 0, 0, 0, 0, 0, 0, 10, 27
"/home/ser/Projects/Docker/site2/doc/frontend/routes.md", "Markdown", 13, 0, 0, 0, 0, 0, 0, 0, 0, 0, 0, 0, 0, 0, 5, 18
"/home/ser/Projects/Docker/site2/doc/language/01-readme.md", "Markdown", 6, 0, 0, 0, 0, 0, 0, 0, 0, 0, 0, 0, 0, 0, 3, 9
"/home/ser/Projects/Docker/site2/doc/language/action.md", "Markdown", 20, 0, 0, 0, 0, 0, 0, 0, 0, 0, 0, 0, 0, 0, 5, 25
"/home/ser/Projects/Docker/site2/doc/language/sketches.md", "Markdown", 39, 0, 0, 0, 0, 0, 0, 0, 0, 0, 0, 0, 0, 0, 20, 59
"/home/ser/Projects/Docker/site2/doc/mail/docker.md", "Markdown", 3, 0, 0, 0, 0, 0, 0, 0, 0, 0, 0, 0, 0, 0, 2, 5
"/home/ser/Projects/Docker/site2/doc/security/csrf.md", "Markdown", 16, 0, 0, 0, 0, 0, 0, 0, 0, 0, 0, 0, 0, 0, 12, 28
"/home/ser/Projects/Docker/site2/doc/templates/01-readme.md", "Markdown", 41, 0, 0, 0, 0, 0, 0, 0, 0, 0, 0, 0, 0, 0, 19, 60
"/home/ser/Projects/Docker/site2/docker/nginx/conf.d/default.conf", "Properties", 0, 0, 0, 0, 0, 27, 0, 0, 0, 0, 0, 0, 0, 6, 7, 40
"/home/ser/Projects/Docker/site2/docker/php-fpm/Dockerfile", "Docker", 0, 0, 0, 0, 0, 0, 0, 0, 14, 0, 0, 0, 0, 0, 6, 20
"/home/ser/Projects/Docker/site2/docker/php-fpm/php/conf.d/site2.ini", "Ini", 0, 0, 0, 0, 0, 0, 0, 0, 0, 0, 2, 0, 0, 0, 0, 2
"/home/ser/Projects/Docker/site2/docker/php-fpm/readme.md", "Markdown", 20, 0, 0, 0, 0, 0, 0, 0, 0, 0, 0, 0, 0, 0, 6, 26
"/home/ser/Projects/Docker/site2/docker/postgres/Dockerfile", "Docker", 0, 0, 0, 0, 0, 0, 0, 0, 3, 0, 0, 0, 0, 0, 1, 4
"/home/ser/Projects/Docker/site2/docker/postgres/readme.md", "Markdown", 11, 0, 0, 0, 0, 0, 0, 0, 0, 0, 0, 0, 0, 0, 6, 17
"/home/ser/Projects/Docker/site2/docker/postgres/scripts/database.sql", "MS SQL", 0, 0, 0, 0, 5, 0, 0, 0, 0, 0, 0, 0, 0, 0, 0, 5
"/home/ser/Projects/Docker/site2/docker/postgres/scripts/site2.sql", "MS SQL", 0, 0, 0, 0, 736, 0, 0, 0, 0, 0, 0, 0, 0, 383, 411, 1530
"/home/ser/Projects/Docker/site2/nginx/simple.conf", "Properties", 0, 0, 0, 0, 0, 39, 0, 0, 0, 0, 0, 0, 0, 8, 12, 59
"/home/ser/Projects/Docker/site2/phpcs.xml", "XML", 0, 0, 13, 0, 0, 0, 0, 0, 0, 0, 0, 0, 0, 3, 4, 20
"/home/ser/Projects/Docker/site2/phpunit.xml", "XML", 0, 0, 13, 0, 0, 0, 0, 0, 0, 0, 0, 0, 0, 1, 0, 14
"/home/ser/Projects/Docker/site2/public/http/img.php", "PHP", 0, 91, 0, 0, 0, 0, 0, 0, 0, 0, 0, 0, 0, 12, 11, 114
"/home/ser/Projects/Docker/site2/public/http/index.php", "PHP", 0, 14, 0, 0, 0, 0, 0, 0, 0, 0, 0, 0, 0, 5, 7, 26
"/home/ser/Projects/Docker/site2/public/http/media/css/admin/admin.css", "CSS", 0, 0, 0, 0, 0, 0, 0, 0, 0, 18, 0, 0, 0, 0, 5, 23
"/home/ser/Projects/Docker/site2/public/http/media/css/admin_main.css", "CSS", 0, 0, 0, 0, 0, 0, 0, 0, 0, 7, 0, 0, 0, 0, 2, 9
"/home/ser/Projects/Docker/site2/public/http/media/css/article.css", "CSS", 0, 0, 0, 0, 0, 0, 0, 0, 0, 6, 0, 0, 0, 0, 1, 7
"/home/ser/Projects/Docker/site2/public/http/media/css/bootstrap-5.3.3-dist/css/bootstrap-grid.css", "CSS", 0, 0, 0, 0, 0, 0, 0, 0, 0, 3886, 0, 0, 0, 6, 193, 4085
"/home/ser/Projects/Docker/site2/public/http/media/css/bootstrap-5.3.3-dist/css/bootstrap-grid.min.css", "CSS", 0, 0, 0, 0, 0, 0, 0, 0, 0, 1, 0, 0, 0, 5, 0, 6
"/home/ser/Projects/Docker/site2/public/http/media/css/bootstrap-5.3.3-dist/css/bootstrap-grid.rtl.css", "CSS", 0, 0, 0, 0, 0, 0, 0, 0, 0, 3886, 0, 0, 0, 6, 192, 4084
"/home/ser/Projects/Docker/site2/public/http/media/css/bootstrap-5.3.3-dist/css/bootstrap-grid.rtl.min.css", "CSS", 0, 0, 0, 0, 0, 0, 0, 0, 0, 1, 0, 0, 0, 5, 0, 6
"/home/ser/Projects/Docker/site2/public/http/media/css/bootstrap-5.3.3-dist/css/bootstrap-reboot.css", "CSS", 0, 0, 0, 0, 0, 0, 0, 0, 0, 518, 0, 0, 0, 14, 65, 597
"/home/ser/Projects/Docker/site2/public/http/media/css/bootstrap-5.3.3-dist/css/bootstrap-reboot.min.css", "CSS", 0, 0, 0, 0, 0, 0, 0, 0, 0, 1, 0, 0, 0, 5, 0, 6
"/home/ser/Projects/Docker/site2/public/http/media/css/bootstrap-5.3.3-dist/css/bootstrap-reboot.rtl.css", "CSS", 0, 0, 0, 0, 0, 0, 0, 0, 0, 524, 0, 0, 0, 6, 64, 594
"/home/ser/Projects/Docker/site2/public/http/media/css/bootstrap-5.3.3-dist/css/bootstrap-reboot.rtl.min.css", "CSS", 0, 0, 0, 0, 0, 0, 0, 0, 0, 1, 0, 0, 0, 5, 0, 6
"/home/ser/Projects/Docker/site2/public/http/media/css/bootstrap-5.3.3-dist/css/bootstrap-utilities.css", "CSS", 0, 0, 0, 0, 0, 0, 0, 0, 0, 4891, 0, 0, 0, 8, 503, 5402
"/home/ser/Projects/Docker/site2/public/http/media/css/bootstrap-5.3.3-dist/css/bootstrap-utilities.min.css", "CSS", 0, 0, 0, 0, 0, 0, 0, 0, 0, 1, 0, 0, 0, 5, 0, 6
"/home/ser/Projects/Docker/site2/public/http/media/css/bootstrap-5.3.3-dist/css/bootstrap-utilities.rtl.css", "CSS", 0, 0, 0, 0, 0, 0, 0, 0, 0, 4887, 0, 0, 0, 6, 500, 5393
"/home/ser/Projects/Docker/site2/public/http/media/css/bootstrap-5.3.3-dist/css/bootstrap-utilities.rtl.min.css", "CSS", 0, 0, 0, 0, 0, 0, 0, 0, 0, 1, 0, 0, 0, 5, 0, 6
"/home/ser/Projects/Docker/site2/public/http/media/css/bootstrap-5.3.3-dist/css/bootstrap.css", "CSS", 0, 0, 0, 0, 0, 0, 0, 0, 0, 11136, 0, 0, 0, 24, 897, 12057
"/home/ser/Projects/Docker/site2/public/http/media/css/bootstrap-5.3.3-dist/css/bootstrap.min.css", "CSS", 0, 0, 0, 0, 0, 0, 0, 0, 0, 2, 0, 0, 0, 4, 0, 6
"/home/ser/Projects/Docker/site2/public/http/media/css/bootstrap-5.3.3-dist/css/bootstrap.rtl.css", "CSS", 0, 0, 0, 0, 0, 0, 0, 0, 0, 11138, 0, 0, 0, 6, 886, 12030
"/home/ser/Projects/Docker/site2/public/http/media/css/bootstrap-5.3.3-dist/css/bootstrap.rtl.min.css", "CSS", 0, 0, 0, 0, 0, 0, 0, 0, 0, 2, 0, 0, 0, 4, 0, 6
"/home/ser/Projects/Docker/site2/public/http/media/css/bootstrap/bootstrap-grid.css", "CSS", 0, 0, 0, 0, 0, 0, 0, 0, 0, 3865, 0, 0, 0, 7, 1130, 5002
"/home/ser/Projects/Docker/site2/public/http/media/css/bootstrap/bootstrap-grid.min.css", "CSS", 0, 0, 0, 0, 0, 0, 0, 0, 0, 1, 0, 0, 0, 6, 0, 7
"/home/ser/Projects/Docker/site2/public/http/media/css/bootstrap/bootstrap-grid.rtl.css", "CSS", 0, 0, 0, 0, 0, 0, 0, 0, 0, 3865, 0, 0, 0, 7, 1129, 5001
"/home/ser/Projects/Docker/site2/public/http/media/css/bootstrap/bootstrap-grid.rtl.min.css", "CSS", 0, 0, 0, 0, 0, 0, 0, 0, 0, 1, 0, 0, 0, 6, 0, 7
"/home/ser/Projects/Docker/site2/public/http/media/css/bootstrap/bootstrap-reboot.css", "CSS", 0, 0, 0, 0, 0, 0, 0, 0, 0, 346, 0, 0, 0, 16, 64, 426
"/home/ser/Projects/Docker/site2/public/http/media/css/bootstrap/bootstrap-reboot.min.css", "CSS", 0, 0, 0, 0, 0, 0, 0, 0, 0, 1, 0, 0, 0, 7, 0, 8
"/home/ser/Projects/Docker/site2/public/http/media/css/bootstrap/bootstrap-reboot.rtl.css", "CSS", 0, 0, 0, 0, 0, 0, 0, 0, 0, 352, 0, 0, 0, 8, 63, 423
"/home/ser/Projects/Docker/site2/public/http/media/css/bootstrap/bootstrap-reboot.rtl.min.css", "CSS", 0, 0, 0, 0, 0, 0, 0, 0, 0, 1, 0, 0, 0, 7, 0, 8
"/home/ser/Projects/Docker/site2/public/http/media/css/bootstrap/bootstrap-utilities.css", "CSS", 0, 0, 0, 0, 0, 0, 0, 0, 0, 3634, 0, 0, 0, 9, 1109, 4752
"/home/ser/Projects/Docker/site2/public/http/media/css/bootstrap/bootstrap-utilities.min.css", "CSS", 0, 0, 0, 0, 0, 0, 0, 0, 0, 1, 0, 0, 0, 6, 0, 7
"/home/ser/Projects/Docker/site2/public/http/media/css/bootstrap/bootstrap-utilities.rtl.css", "CSS", 0, 0, 0, 0, 0, 0, 0, 0, 0, 3630, 0, 0, 0, 7, 1106, 4743
"/home/ser/Projects/Docker/site2/public/http/media/css/bootstrap/bootstrap-utilities.rtl.min.css", "CSS", 0, 0, 0, 0, 0, 0, 0, 0, 0, 1, 0, 0, 0, 6, 0, 7
"/home/ser/Projects/Docker/site2/public/http/media/css/bootstrap/bootstrap.css", "CSS", 0, 0, 0, 0, 0, 0, 0, 0, 0, 9102, 0, 0, 0, 27, 1708, 10837
"/home/ser/Projects/Docker/site2/public/http/media/css/bootstrap/bootstrap.min.css", "CSS", 0, 0, 0, 0, 0, 0, 0, 0, 0, 2, 0, 0, 0, 5, 0, 7
"/home/ser/Projects/Docker/site2/public/http/media/css/bootstrap/bootstrap.rtl.css", "CSS", 0, 0, 0, 0, 0, 0, 0, 0, 0, 9104, 0, 0, 0, 7, 1702, 10813
"/home/ser/Projects/Docker/site2/public/http/media/css/bootstrap/bootstrap.rtl.min.css", "CSS", 0, 0, 0, 0, 0, 0, 0, 0, 0, 2, 0, 0, 0, 5, 0, 7
"/home/ser/Projects/Docker/site2/public/http/media/css/category.css", "CSS", 0, 0, 0, 0, 0, 0, 0, 0, 0, 25, 0, 0, 0, 0, 3, 28
"/home/ser/Projects/Docker/site2/public/http/media/css/home.css", "CSS", 0, 0, 0, 0, 0, 0, 0, 0, 0, 27, 0, 0, 0, 12, 10, 49
"/home/ser/Projects/Docker/site2/public/http/media/css/main.css", "CSS", 0, 0, 0, 0, 0, 0, 0, 0, 0, 73, 0, 0, 0, 13, 24, 110
"/home/ser/Projects/Docker/site2/public/http/media/html/article-with-img-1080.html", "HTML", 0, 0, 0, 0, 0, 0, 0, 319, 0, 0, 0, 0, 0, 22, 16, 357
"/home/ser/Projects/Docker/site2/public/http/media/html/category.html", "HTML", 0, 0, 0, 0, 0, 0, 0, 437, 0, 0, 0, 0, 0, 40, 28, 505
"/home/ser/Projects/Docker/site2/public/http/media/html/errors/not-found-404.html", "HTML", 0, 0, 0, 0, 0, 0, 0, 37, 0, 0, 0, 0, 0, 8, 10, 55
"/home/ser/Projects/Docker/site2/public/http/media/html/errors/server-error-500.html", "HTML", 0, 0, 0, 0, 0, 0, 0, 147, 0, 0, 0, 0, 0, 1, 15, 163
"/home/ser/Projects/Docker/site2/public/http/media/html/errors/server-error-502.html", "HTML", 0, 0, 0, 0, 0, 0, 0, 147, 0, 0, 0, 0, 0, 1, 15, 163
"/home/ser/Projects/Docker/site2/public/http/media/html/footer-copyrights.html", "HTML", 0, 0, 0, 0, 0, 0, 0, 34, 0, 0, 0, 0, 0, 4, 7, 45
"/home/ser/Projects/Docker/site2/public/http/media/html/footer-infoline.html", "HTML", 0, 0, 0, 0, 0, 0, 0, 55, 0, 0, 0, 0, 0, 6, 8, 69
"/home/ser/Projects/Docker/site2/public/http/media/html/footer-links.html", "HTML", 0, 0, 0, 0, 0, 0, 0, 76, 0, 0, 0, 0, 0, 5, 9, 90
"/home/ser/Projects/Docker/site2/public/http/media/html/footer-policy.html", "HTML", 0, 0, 0, 0, 0, 0, 0, 39, 0, 0, 0, 0, 0, 6, 7, 52
"/home/ser/Projects/Docker/site2/public/http/media/html/footer-social-links.html", "HTML", 0, 0, 0, 0, 0, 0, 0, 37, 0, 0, 0, 0, 0, 6, 9, 52
"/home/ser/Projects/Docker/site2/public/http/media/html/header-breadcrumbs.html", "HTML", 0, 0, 0, 0, 0, 0, 0, 35, 0, 0, 0, 0, 0, 4, 9, 48
"/home/ser/Projects/Docker/site2/public/http/media/html/header-infoline.html", "HTML", 0, 0, 0, 0, 0, 0, 0, 39, 0, 0, 0, 0, 0, 2, 7, 48
"/home/ser/Projects/Docker/site2/public/http/media/html/header-logo.html", "HTML", 0, 0, 0, 0, 0, 0, 0, 55, 0, 0, 0, 0, 0, 6, 9, 70
"/home/ser/Projects/Docker/site2/public/http/media/html/header-nav.html", "HTML", 0, 0, 0, 0, 0, 0, 0, 131, 0, 0, 0, 0, 0, 8, 10, 149
"/home/ser/Projects/Docker/site2/public/http/media/html/home.html", "HTML", 0, 0, 0, 0, 0, 0, 0, 452, 0, 0, 0, 0, 0, 41, 19, 512
"/home/ser/Projects/Docker/site2/public/http/media/html/proto.html", "HTML", 0, 0, 0, 0, 0, 0, 0, 52, 0, 0, 0, 0, 0, 2, 6, 60
"/home/ser/Projects/Docker/site2/public/http/media/html/skeleton.html", "HTML", 0, 0, 0, 0, 0, 0, 0, 58, 0, 0, 0, 0, 0, 26, 21, 105
"/home/ser/Projects/Docker/site2/public/http/media/js/admin/userinfo.js", "JavaScript", 0, 0, 0, 0, 0, 0, 42, 0, 0, 0, 0, 0, 0, 1, 10, 53
"/home/ser/Projects/Docker/site2/public/http/media/js/bootstrap-5.3.3-dist/js/bootstrap.bundle.js", "JavaScript", 0, 0, 0, 0, 0, 0, 5064, 0, 0, 0, 0, 0, 0, 655, 596, 6315
"/home/ser/Projects/Docker/site2/public/http/media/js/bootstrap-5.3.3-dist/js/bootstrap.bundle.min.js", "JavaScript", 0, 0, 0, 0, 0, 0, 1, 0, 0, 0, 0, 0, 0, 6, 0, 7
"/home/ser/Projects/Docker/site2/public/http/media/js/bootstrap-5.3.3-dist/js/bootstrap.esm.js", "JavaScript", 0, 0, 0, 0, 0, 0, 3568, 0, 0, 0, 0, 0, 0, 578, 302, 4448
"/home/ser/Projects/Docker/site2/public/http/media/js/bootstrap-5.3.3-dist/js/bootstrap.esm.min.js", "JavaScript", 0, 0, 0, 0, 0, 0, 1, 0, 0, 0, 0, 0, 0, 6, 0, 7
"/home/ser/Projects/Docker/site2/public/http/media/js/bootstrap-5.3.3-dist/js/bootstrap.js", "JavaScript", 0, 0, 0, 0, 0, 0, 3604, 0, 0, 0, 0, 0, 0, 584, 307, 4495
"/home/ser/Projects/Docker/site2/public/http/media/js/bootstrap-5.3.3-dist/js/bootstrap.min.js", "JavaScript", 0, 0, 0, 0, 0, 0, 1, 0, 0, 0, 0, 0, 0, 6, 0, 7
"/home/ser/Projects/Docker/site2/public/http/media/js/bootstrap.bundle.js", "JavaScript", 0, 0, 0, 0, 0, 0, 4836, 0, 0, 0, 0, 0, 0, 571, 1342, 6749
"/home/ser/Projects/Docker/site2/public/http/media/js/bootstrap.bundle.min.js", "JavaScript", 0, 0, 0, 0, 0, 0, 1, 0, 0, 0, 0, 0, 0, 6, 0, 7
"/home/ser/Projects/Docker/site2/public/http/media/js/bootstrap.esm.js", "JavaScript", 0, 0, 0, 0, 0, 0, 3425, 0, 0, 0, 0, 0, 0, 483, 1060, 4968
"/home/ser/Projects/Docker/site2/public/http/media/js/bootstrap.esm.min.js", "JavaScript", 0, 0, 0, 0, 0, 0, 1, 0, 0, 0, 0, 0, 0, 6, 0, 7
"/home/ser/Projects/Docker/site2/public/http/media/js/bootstrap.js", "JavaScript", 0, 0, 0, 0, 0, 0, 3464, 0, 0, 0, 0, 0, 0, 489, 1064, 5017
"/home/ser/Projects/Docker/site2/public/http/media/js/bootstrap.min.js", "JavaScript", 0, 0, 0, 0, 0, 0, 1, 0, 0, 0, 0, 0, 0, 6, 0, 7
"/home/ser/Projects/Docker/site2/public/http/media/js/frontend/userinfo.js", "JavaScript", 0, 0, 0, 0, 0, 0, 51, 0, 0, 0, 0, 0, 0, 4, 10, 65
"/home/ser/Projects/Docker/site2/public/http/media/js/language.js", "JavaScript", 0, 0, 0, 0, 0, 0, 18, 0, 0, 0, 0, 0, 0, 4, 10, 32
"/home/ser/Projects/Docker/site2/public/http/media/js/modules/urlbuilder/dynamicTarget.js", "JavaScript", 0, 0, 0, 0, 0, 0, 14, 0, 0, 0, 0, 0, 0, 0, 2, 16
"/home/ser/Projects/Docker/site2/public/http/media/js/modules/urlbuilder/urlbuilder.js", "JavaScript", 0, 0, 0, 0, 0, 0, 6, 0, 0, 0, 0, 0, 0, 0, 1, 7
"/home/ser/Projects/Docker/site2/public/http/media/js/popper.min.js", "JavaScript", 0, 0, 0, 0, 0, 0, 1, 0, 0, 0, 0, 0, 0, 4, 2, 7
"/home/ser/Projects/Docker/site2/readme.md", "Markdown", 35, 0, 0, 0, 0, 0, 0, 0, 0, 0, 0, 0, 0, 0, 12, 47
"/home/ser/Projects/Docker/site2/server/Api/Models/SearchCriteria/FilterInterface.php", "PHP", 0, 8, 0, 0, 0, 0, 0, 0, 0, 0, 0, 0, 0, 2, 5, 15
"/home/ser/Projects/Docker/site2/server/Api/Models/SearchCriteria/LimitInterface.php", "PHP", 0, 6, 0, 0, 0, 0, 0, 0, 0, 0, 0, 0, 0, 0, 3, 9
"/home/ser/Projects/Docker/site2/server/Api/Models/SearchCriteria/OffsetInterface.php", "PHP", 0, 6, 0, 0, 0, 0, 0, 0, 0, 0, 0, 0, 0, 0, 3, 9
"/home/ser/Projects/Docker/site2/server/Api/Models/SearchCriteria/OrderByInterface.php", "PHP", 0, 13, 0, 0, 0, 0, 0, 0, 0, 0, 0, 0, 0, 0, 5, 18
"/home/ser/Projects/Docker/site2/server/Api/Models/SearchCriteria/SearchCriteriaFactoryInterface.php", "PHP", 0, 11, 0, 0, 0, 0, 0, 0, 0, 0, 0, 0, 0, 1, 4, 16
"/home/ser/Projects/Docker/site2/server/Api/Models/SearchCriteria/SearchCriteriaInterface.php", "PHP", 0, 16, 0, 0, 0, 0, 0, 0, 0, 0, 0, 0, 0, 15, 17, 48
"/home/ser/Projects/Docker/site2/server/Models/Sql/SearchCriteria/Filter.php", "PHP", 0, 19, 0, 0, 0, 0, 0, 0, 0, 0, 0, 0, 0, 0, 7, 26
"/home/ser/Projects/Docker/site2/server/Models/Sql/SearchCriteria/Limit.php", "PHP", 0, 28, 0, 0, 0, 0, 0, 0, 0, 0, 0, 0, 0, 0, 8, 36
"/home/ser/Projects/Docker/site2/server/Models/Sql/SearchCriteria/Offset.php", "PHP", 0, 17, 0, 0, 0, 0, 0, 0, 0, 0, 0, 0, 0, 0, 7, 24
"/home/ser/Projects/Docker/site2/server/Models/Sql/SearchCriteria/OrderBy.php", "PHP", 0, 41, 0, 0, 0, 0, 0, 0, 0, 0, 0, 0, 0, 5, 11, 57
"/home/ser/Projects/Docker/site2/server/Models/Sql/SearchCriteria/SearchCriteria.php", "PHP", 0, 60, 0, 0, 0, 0, 0, 0, 0, 0, 0, 0, 0, 5, 16, 81
"/home/ser/Projects/Docker/site2/sql/admin_users.sql", "MS SQL", 0, 0, 0, 0, 45, 0, 0, 0, 0, 0, 0, 0, 0, 0, 6, 51
"/home/ser/Projects/Docker/site2/sql/article.sql", "MS SQL", 0, 0, 0, 0, 129, 0, 0, 0, 0, 0, 0, 0, 0, 1, 6, 136
"/home/ser/Projects/Docker/site2/sql/articleListView/author.sql", "MS SQL", 0, 0, 0, 0, 39, 0, 0, 0, 0, 0, 0, 0, 0, 0, 2, 41
"/home/ser/Projects/Docker/site2/sql/articleListView/select.sql", "MS SQL", 0, 0, 0, 0, 63, 0, 0, 0, 0, 0, 0, 0, 0, 4, 3, 70
"/home/ser/Projects/Docker/site2/sql/audio.sql", "MS SQL", 0, 0, 0, 0, 26, 0, 0, 0, 0, 0, 0, 0, 0, 0, 3, 29
"/home/ser/Projects/Docker/site2/sql/author.sql", "MS SQL", 0, 0, 0, 0, 20, 0, 0, 0, 0, 0, 0, 0, 0, 0, 5, 25
"/home/ser/Projects/Docker/site2/sql/category.sql", "MS SQL", 0, 0, 0, 0, 13, 0, 0, 0, 0, 0, 0, 0, 0, 0, 2, 15
"/home/ser/Projects/Docker/site2/sql/database.sql", "MS SQL", 0, 0, 0, 0, 5, 0, 0, 0, 0, 0, 0, 0, 0, 0, 0, 5
"/home/ser/Projects/Docker/site2/sql/img.sql", "MS SQL", 0, 0, 0, 0, 25, 0, 0, 0, 0, 0, 0, 0, 0, 0, 5, 30
"/home/ser/Projects/Docker/site2/sql/img_cache.sql", "MS SQL", 0, 0, 0, 0, 7, 0, 0, 0, 0, 0, 0, 0, 0, 0, 0, 7
"/home/ser/Projects/Docker/site2/sql/language.sql", "MS SQL", 0, 0, 0, 0, 9, 0, 0, 0, 0, 0, 0, 0, 0, 0, 1, 10
"/home/ser/Projects/Docker/site2/sql/links.sql", "MS SQL", 0, 0, 0, 0, 40, 0, 0, 0, 0, 0, 0, 0, 0, 3, 5, 48
"/home/ser/Projects/Docker/site2/sql/persons.sql", "MS SQL", 0, 0, 0, 0, 25, 0, 0, 0, 0, 0, 0, 0, 0, 2, 4, 31
"/home/ser/Projects/Docker/site2/sql/rights.sql", "MS SQL", 0, 0, 0, 0, 13, 0, 0, 0, 0, 0, 0, 0, 0, 0, 1, 14
"/home/ser/Projects/Docker/site2/sql/translate_entities.sql", "MS SQL", 0, 0, 0, 0, 133, 0, 0, 0, 0, 0, 0, 0, 0, 7, 3, 143
"/home/ser/Projects/Docker/site2/sql/translate_keys.sql", "MS SQL", 0, 0, 0, 0, 68, 0, 0, 0, 0, 0, 0, 0, 0, 5, 3, 76
"/home/ser/Projects/Docker/site2/tests/Unit/Domain/Image/ImageTest.php", "PHP", 0, 735, 0, 0, 0, 0, 0, 0, 0, 0, 0, 0, 0, 43, 90, 868
"/home/ser/Projects/Docker/site2/tests/Unit/Infrastructure/Controllers/Sitemap/DefaultAction/SitemapDTOFactoryTest.php", "PHP", 0, 47, 0, 0, 0, 0, 0, 0, 0, 0, 0, 0, 0, 0, 16, 63
"/home/ser/Projects/Docker/site2/tests/Unit/Infrastructure/Controllers/Sitemap/DefaultAction/SitemapDTOTest.php", "PHP", 0, 14, 0, 0, 0, 0, 0, 0, 0, 0, 0, 0, 0, 0, 7, 21
"/home/ser/Projects/Docker/site2/tests/Unit/Infrastructure/Views/Html/Classes/SitemapLinkTreeToHtmlTest.php", "PHP", 0, 36, 0, 0, 0, 0, 0, 0, 0, 0, 0, 0, 0, 0, 12, 48
"/home/ser/Projects/Docker/site2/todo.md", "Markdown", 18, 0, 0, 0, 0, 0, 0, 0, 0, 0, 0, 0, 0, 0, 7, 25
"Total", "-", 452, 13786, 26, 2987, 1401, 66, 24099, 2150, 17, 74940, 2, 74, 2596, 5367, 20357, 148320